peer_product_code,peer_product_name,product_type,channel,risk_level,open_type,holding_period_days,evidence_id,source_type,source_name,source_url_or_file,fetched_at,as_of_date,staleness_days,confidence_level,parser_version
PR0001,纯固收同业样例001,纯固收,个金,R2,日开,1,ev_peer_universe_PR0001,synthetic_weekly_snapshot,Synthetic peer product universe,scripts/generate_weekly_report_universe.py,2025-04-04T10:00:00Z,2025-04-04,0,medium,weekly_snapshot_generator.v2
PR0002,固收增强同业样例002,固收增强,私银,R2,7天,7,ev_peer_universe_PR0002,synthetic_weekly_snapshot,Synthetic peer product universe,scripts/generate_weekly_report_universe.py,2025-04-04T10:00:00Z,2025-04-04,0,medium,weekly_snapshot_generator.v2
PR0003,多资产同业样例003,多资产,对公,R4,14天,14,ev_peer_universe_PR0003,synthetic_weekly_snapshot,Synthetic peer product universe,scripts/generate_weekly_report_universe.py,2025-04-04T10:00:00Z,2025-04-04,0,medium,weekly_snapshot_generator.v2
PR0004,混合类同业样例004,混合类,直销,R3,21天,21,ev_peer_universe_PR0004,synthetic_weekly_snapshot,Synthetic peer product universe,scripts/generate_weekly_report_universe.py,2025-04-04T10:00:00Z,2025-04-04,0,medium,weekly_snapshot_generator.v2
PR0005,QDII同业样例005,QDII,百信,R5,30天,30,ev_peer_universe_PR0005,synthetic_weekly_snapshot,Synthetic peer product universe,scripts/generate_weekly_report_universe.py,2025-04-04T10:00:00Z,2025-04-04,0,medium,weekly_snapshot_generator.v2
PR0006,现金管理同业样例006,现金管理,交行,R1,60天,60,ev_peer_universe_PR0006,synthetic_weekly_snapshot,Synthetic peer product universe,scripts/generate_weekly_report_universe.py,2025-04-04T10:00:00Z,2025-04-04,0,medium,weekly_snapshot_generator.v2
PR0007,封闭式同业样例007,封闭式,厦门银行,R4,90天,90,ev_peer_universe_PR0007,synthetic_weekly_snapshot,Synthetic peer product universe,scripts/generate_weekly_report_universe.py,2025-04-04T10:00:00Z,2025-04-04,0,medium,weekly_snapshot_generator.v2
PR0008,最短持有期型同业样例008,最短持有期型,邮惠万家,R2,120天,120,ev_peer_universe_PR0008,synthetic_weekly_snapshot,Synthetic peer product universe,scripts/generate_weekly_report_universe.py,2025-04-04T10:00:00Z,2025-04-04,0,medium,weekly_snapshot_generator.v2
PR0009,日开型同业样例009,日开型,个金,R2,180天,180,ev_peer_universe_PR0009,synthetic_weekly_snapshot,Synthetic peer product universe,scripts/generate_weekly_report_universe.py,2025-04-04T10:00:00Z,2025-04-04,0,medium,weekly_snapshot_generator.v2
PR0010,纯固收同业样例010,纯固收,私银,R2,270天,270,ev_peer_universe_PR0010,synthetic_weekly_snapshot,Synthetic peer product universe,scripts/generate_weekly_report_universe.py,2025-04-04T10:00:00Z,2025-04-04,0,medium,weekly_snapshot_generator.v2
PR0011,固收增强同业样例011,固收增强,对公,R2,360天,360,ev_peer_universe_PR0011,synthetic_weekly_snapshot,Synthetic peer product universe,scripts/generate_weekly_report_universe.py,2025-04-04T10:00:00Z,2025-04-04,0,medium,weekly_snapshot_generator.v2
PR0012,多资产同业样例012,多资产,直销,R3,1年封闭,365,ev_peer_universe_PR0012,synthetic_weekly_snapshot,Synthetic peer product universe,scripts/generate_weekly_report_universe.py,2025-04-04T10:00:00Z,2025-04-04,0,medium,weekly_snapshot_generator.v2
PR0013,混合类同业样例013,混合类,百信,R4,日开,1,ev_peer_universe_PR0013,synthetic_weekly_snapshot,Synthetic peer product universe,scripts/generate_weekly_report_universe.py,2025-04-04T10:00:00Z,2025-04-04,0,medium,weekly_snapshot_generator.v2
PR0014,QDII同业样例014,QDII,交行,R4,7天,7,ev_peer_universe_PR0014,synthetic_weekly_snapshot,Synthetic peer product universe,scripts/generate_weekly_report_universe.py,2025-04-04T10:00:00Z,2025-04-04,0,medium,weekly_snapshot_generator.v2
PR0015,现金管理同业样例015,现金管理,厦门银行,R1,14天,14,ev_peer_universe_PR0015,synthetic_weekly_snapshot,Synthetic peer product universe,scripts/generate_weekly_report_universe.py,2025-04-04T10:00:00Z,2025-04-04,0,medium,weekly_snapshot_generator.v2
PR0016,封闭式同业样例016,封闭式,邮惠万家,R3,21天,21,ev_peer_universe_PR0016,synthetic_weekly_snapshot,Synthetic peer product universe,scripts/generate_weekly_report_universe.py,2025-04-04T10:00:00Z,2025-04-04,0,medium,weekly_snapshot_generator.v2
PR0017,最短持有期型同业样例017,最短持有期型,个金,R3,30天,30,ev_peer_universe_PR0017,synthetic_weekly_snapshot,Synthetic peer product universe,scripts/generate_weekly_report_universe.py,2025-04-04T10:00:00Z,2025-04-04,0,medium,weekly_snapshot_generator.v2
PR0018,日开型同业样例018,日开型,私银,R2,60天,60,ev_peer_universe_PR0018,synthetic_weekly_snapshot,Synthetic peer product universe,scripts/generate_weekly_report_universe.py,2025-04-04T10:00:00Z,2025-04-04,0,medium,weekly_snapshot_generator.v2
PR0019,纯固收同业样例019,纯固收,对公,R2,90天,90,ev_peer_universe_PR0019,synthetic_weekly_snapshot,Synthetic peer product universe,scripts/generate_weekly_report_universe.py,2025-04-04T10:00:00Z,2025-04-04,0,medium,weekly_snapshot_generator.v2
PR0020,固收增强同业样例020,固收增强,直销,R2,120天,120,ev_peer_universe_PR0020,synthetic_weekly_snapshot,Synthetic peer product universe,scripts/generate_weekly_report_universe.py,2025-04-04T10:00:00Z,2025-04-04,0,medium,weekly_snapshot_generator.v2
PR0021,多资产同业样例021,多资产,百信,R3,180天,180,ev_peer_universe_PR0021,synthetic_weekly_snapshot,Synthetic peer product universe,scripts/generate_weekly_report_universe.py,2025-04-04T10:00:00Z,2025-04-04,0,medium,weekly_snapshot_generator.v2
PR0022,混合类同业样例022,混合类,交行,R3,270天,270,ev_peer_universe_PR0022,synthetic_weekly_snapshot,Synthetic peer product universe,scripts/generate_weekly_report_universe.py,2025-04-04T10:00:00Z,2025-04-04,0,medium,weekly_snapshot_generator.v2
PR0023,QDII同业样例023,QDII,厦门银行,R3,360天,360,ev_peer_universe_PR0023,synthetic_weekly_snapshot,Synthetic peer product universe,scripts/generate_weekly_report_universe.py,2025-04-04T10:00:00Z,2025-04-04,0,medium,weekly_snapshot_generator.v2
PR0024,现金管理同业样例024,现金管理,邮惠万家,R1,1年封闭,365,ev_peer_universe_PR0024,synthetic_weekly_snapshot,Synthetic peer product universe,scripts/generate_weekly_report_universe.py,2025-04-04T10:00:00Z,2025-04-04,0,medium,weekly_snapshot_generator.v2
PR0025,封闭式同业样例025,封闭式,个金,R2,日开,1,ev_peer_universe_PR0025,synthetic_weekly_snapshot,Synthetic peer product universe,scripts/generate_weekly_report_universe.py,2025-04-04T10:00:00Z,2025-04-04,0,medium,weekly_snapshot_generator.v2
PR0026,最短持有期型同业样例026,最短持有期型,私银,R3,7天,7,ev_peer_universe_PR0026,synthetic_weekly_snapshot,Synthetic peer product universe,scripts/generate_weekly_report_universe.py,2025-04-04T10:00:00Z,2025-04-04,0,medium,weekly_snapshot_generator.v2
PR0027,日开型同业样例027,日开型,对公,R1,14天,14,ev_peer_universe_PR0027,synthetic_weekly_snapshot,Synthetic peer product universe,scripts/generate_weekly_report_universe.py,2025-04-04T10:00:00Z,2025-04-04,0,medium,weekly_snapshot_generator.v2
PR0028,纯固收同业样例028,纯固收,直销,R2,21天,21,ev_peer_universe_PR0028,synthetic_weekly_snapshot,Synthetic peer product universe,scripts/generate_weekly_report_universe.py,2025-04-04T10:00:00Z,2025-04-04,0,medium,weekly_snapshot_generator.v2
PR0029,固收增强同业样例029,固收增强,百信,R3,30天,30,ev_peer_universe_PR0029,synthetic_weekly_snapshot,Synthetic peer product universe,scripts/generate_weekly_report_universe.py,2025-04-04T10:00:00Z,2025-04-04,0,medium,weekly_snapshot_generator.v2
PR0030,多资产同业样例030,多资产,交行,R3,60天,60,ev_peer_universe_PR0030,synthetic_weekly_snapshot,Synthetic peer product universe,scripts/generate_weekly_report_universe.py,2025-04-04T10:00:00Z,2025-04-04,0,medium,weekly_snapshot_generator.v2
PR0031,混合类同业样例031,混合类,厦门银行,R3,90天,90,ev_peer_universe_PR0031,synthetic_weekly_snapshot,Synthetic peer product universe,scripts/generate_weekly_report_universe.py,2025-04-04T10:00:00Z,2025-04-04,0,medium,weekly_snapshot_generator.v2
PR0032,QDII同业样例032,QDII,邮惠万家,R4,120天,120,ev_peer_universe_PR0032,synthetic_weekly_snapshot,Synthetic peer product universe,scripts/generate_weekly_report_universe.py,2025-04-04T10:00:00Z,2025-04-04,0,medium,weekly_snapshot_generator.v2
PR0033,现金管理同业样例033,现金管理,个金,R1,180天,180,ev_peer_universe_PR0033,synthetic_weekly_snapshot,Synthetic peer product universe,scripts/generate_weekly_report_universe.py,2025-04-04T10:00:00Z,2025-04-04,0,medium,weekly_snapshot_generator.v2
PR0034,封闭式同业样例034,封闭式,私银,R2,270天,270,ev_peer_universe_PR0034,synthetic_weekly_snapshot,Synthetic peer product universe,scripts/generate_weekly_report_universe.py,2025-04-04T10:00:00Z,2025-04-04,0,medium,weekly_snapshot_generator.v2
PR0035,最短持有期型同业样例035,最短持有期型,对公,R3,360天,360,ev_peer_universe_PR0035,synthetic_weekly_snapshot,Synthetic peer product universe,scripts/generate_weekly_report_universe.py,2025-04-04T10:00:00Z,2025-04-04,0,medium,weekly_snapshot_generator.v2
PR0036,日开型同业样例036,日开型,直销,R2,1年封闭,365,ev_peer_universe_PR0036,synthetic_weekly_snapshot,Synthetic peer product universe,scripts/generate_weekly_report_universe.py,2025-04-04T10:00:00Z,2025-04-04,0,medium,weekly_snapshot_generator.v2
PR0037,纯固收同业样例037,纯固收,百信,R2,日开,1,ev_peer_universe_PR0037,synthetic_weekly_snapshot,Synthetic peer product universe,scripts/generate_weekly_report_universe.py,2025-04-04T10:00:00Z,2025-04-04,0,medium,weekly_snapshot_generator.v2
PR0038,固收增强同业样例038,固收增强,交行,R2,7天,7,ev_peer_universe_PR0038,synthetic_weekly_snapshot,Synthetic peer product universe,scripts/generate_weekly_report_universe.py,2025-04-04T10:00:00Z,2025-04-04,0,medium,weekly_snapshot_generator.v2
PR0039,多资产同业样例039,多资产,厦门银行,R3,14天,14,ev_peer_universe_PR0039,synthetic_weekly_snapshot,Synthetic peer product universe,scripts/generate_weekly_report_universe.py,2025-04-04T10:00:00Z,2025-04-04,0,medium,weekly_snapshot_generator.v2
PR0040,混合类同业样例040,混合类,邮惠万家,R4,21天,21,ev_peer_universe_PR0040,synthetic_weekly_snapshot,Synthetic peer product universe,scripts/generate_weekly_report_universe.py,2025-04-04T10:00:00Z,2025-04-04,0,medium,weekly_snapshot_generator.v2
PR0041,QDII同业样例041,QDII,个金,R4,30天,30,ev_peer_universe_PR0041,synthetic_weekly_snapshot,Synthetic peer product universe,scripts/generate_weekly_report_universe.py,2025-04-04T10:00:00Z,2025-04-04,0,medium,weekly_snapshot_generator.v2
PR0042,现金管理同业样例042,现金管理,私银,R1,60天,60,ev_peer_universe_PR0042,synthetic_weekly_snapshot,Synthetic peer product universe,scripts/generate_weekly_report_universe.py,2025-04-04T10:00:00Z,2025-04-04,0,medium,weekly_snapshot_generator.v2
PR0043,封闭式同业样例043,封闭式,对公,R4,90天,90,ev_peer_universe_PR0043,synthetic_weekly_snapshot,Synthetic peer product universe,scripts/generate_weekly_report_universe.py,2025-04-04T10:00:00Z,2025-04-04,0,medium,weekly_snapshot_generator.v2
PR0044,最短持有期型同业样例044,最短持有期型,直销,R3,120天,120,ev_peer_universe_PR0044,synthetic_weekly_snapshot,Synthetic peer product universe,scripts/generate_weekly_report_universe.py,2025-04-04T10:00:00Z,2025-04-04,0,medium,weekly_snapshot_generator.v2
PR0045,日开型同业样例045,日开型,百信,R2,180天,180,ev_peer_universe_PR0045,synthetic_weekly_snapshot,Synthetic peer product universe,scripts/generate_weekly_report_universe.py,2025-04-04T10:00:00Z,2025-04-04,0,medium,weekly_snapshot_generator.v2
PR0046,纯固收同业样例046,纯固收,交行,R2,270天,270,ev_peer_universe_PR0046,synthetic_weekly_snapshot,Synthetic peer product universe,scripts/generate_weekly_report_universe.py,2025-04-04T10:00:00Z,2025-04-04,0,medium,weekly_snapshot_generator.v2
PR0047,固收增强同业样例047,固收增强,厦门银行,R3,360天,360,ev_peer_universe_PR0047,synthetic_weekly_snapshot,Synthetic peer product universe,scripts/generate_weekly_report_universe.py,2025-04-04T10:00:00Z,2025-04-04,0,medium,weekly_snapshot_generator.v2
PR0048,多资产同业样例048,多资产,邮惠万家,R4,1年封闭,365,ev_peer_universe_PR0048,synthetic_weekly_snapshot,Synthetic peer product universe,scripts/generate_weekly_report_universe.py,2025-04-04T10:00:00Z,2025-04-04,0,medium,weekly_snapshot_generator.v2
PR0049,混合类同业样例049,混合类,个金,R3,日开,1,ev_peer_universe_PR0049,synthetic_weekly_snapshot,Synthetic peer product universe,scripts/generate_weekly_report_universe.py,2025-04-04T10:00:00Z,2025-04-04,0,medium,weekly_snapshot_generator.v2
PR0050,QDII同业样例050,QDII,私银,R5,7天,7,ev_peer_universe_PR0050,synthetic_weekly_snapshot,Synthetic peer product universe,scripts/generate_weekly_report_universe.py,2025-04-04T10:00:00Z,2025-04-04,0,medium,weekly_snapshot_generator.v2
PR0051,现金管理同业样例051,现金管理,对公,R1,14天,14,ev_peer_universe_PR0051,synthetic_weekly_snapshot,Synthetic peer product universe,scripts/generate_weekly_report_universe.py,2025-04-04T10:00:00Z,2025-04-04,0,medium,weekly_snapshot_generator.v2
PR0052,封闭式同业样例052,封闭式,直销,R4,21天,21,ev_peer_universe_PR0052,synthetic_weekly_snapshot,Synthetic peer product universe,scripts/generate_weekly_report_universe.py,2025-04-04T10:00:00Z,2025-04-04,0,medium,weekly_snapshot_generator.v2
PR0053,最短持有期型同业样例053,最短持有期型,百信,R3,30天,30,ev_peer_universe_PR0053,synthetic_weekly_snapshot,Synthetic peer product universe,scripts/generate_weekly_report_universe.py,2025-04-04T10:00:00Z,2025-04-04,0,medium,weekly_snapshot_generator.v2
PR0054,日开型同业样例054,日开型,交行,R1,60天,60,ev_peer_universe_PR0054,synthetic_weekly_snapshot,Synthetic peer product universe,scripts/generate_weekly_report_universe.py,2025-04-04T10:00:00Z,2025-04-04,0,medium,weekly_snapshot_generator.v2
PR0055,纯固收同业样例055,纯固收,厦门银行,R2,90天,90,ev_peer_universe_PR0055,synthetic_weekly_snapshot,Synthetic peer product universe,scripts/generate_weekly_report_universe.py,2025-04-04T10:00:00Z,2025-04-04,0,medium,weekly_snapshot_generator.v2
PR0056,固收增强同业样例056,固收增强,邮惠万家,R2,120天,120,ev_peer_universe_PR0056,synthetic_weekly_snapshot,Synthetic peer product universe,scripts/generate_weekly_report_universe.py,2025-04-04T10:00:00Z,2025-04-04,0,medium,weekly_snapshot_generator.v2
PR0057,多资产同业样例057,多资产,个金,R4,180天,180,ev_peer_universe_PR0057,synthetic_weekly_snapshot,Synthetic peer product universe,scripts/generate_weekly_report_universe.py,2025-04-04T10:00:00Z,2025-04-04,0,medium,weekly_snapshot_generator.v2
PR0058,混合类同业样例058,混合类,私银,R3,270天,270,ev_peer_universe_PR0058,synthetic_weekly_snapshot,Synthetic peer product universe,scripts/generate_weekly_report_universe.py,2025-04-04T10:00:00Z,2025-04-04,0,medium,weekly_snapshot_generator.v2
PR0059,QDII同业样例059,QDII,对公,R3,360天,360,ev_peer_universe_PR0059,synthetic_weekly_snapshot,Synthetic peer product universe,scripts/generate_weekly_report_universe.py,2025-04-04T10:00:00Z,2025-04-04,0,medium,weekly_snapshot_generator.v2
PR0060,现金管理同业样例060,现金管理,直销,R1,1年封闭,365,ev_peer_universe_PR0060,synthetic_weekly_snapshot,Synthetic peer product universe,scripts/generate_weekly_report_universe.py,2025-04-04T10:00:00Z,2025-04-04,0,medium,weekly_snapshot_generator.v2
PR0061,封闭式同业样例061,封闭式,百信,R2,日开,1,ev_peer_universe_PR0061,synthetic_weekly_snapshot,Synthetic peer product universe,scripts/generate_weekly_report_universe.py,2025-04-04T10:00:00Z,2025-04-04,0,medium,weekly_snapshot_generator.v2
PR0062,最短持有期型同业样例062,最短持有期型,交行,R2,7天,7,ev_peer_universe_PR0062,synthetic_weekly_snapshot,Synthetic peer product universe,scripts/generate_weekly_report_universe.py,2025-04-04T10:00:00Z,2025-04-04,0,medium,weekly_snapshot_generator.v2
PR0063,日开型同业样例063,日开型,厦门银行,R1,14天,14,ev_peer_universe_PR0063,synthetic_weekly_snapshot,Synthetic peer product universe,scripts/generate_weekly_report_universe.py,2025-04-04T10:00:00Z,2025-04-04,0,medium,weekly_snapshot_generator.v2
PR0064,纯固收同业样例064,纯固收,邮惠万家,R2,21天,21,ev_peer_universe_PR0064,synthetic_weekly_snapshot,Synthetic peer product universe,scripts/generate_weekly_report_universe.py,2025-04-04T10:00:00Z,2025-04-04,0,medium,weekly_snapshot_generator.v2
PR0065,固收增强同业样例065,固收增强,个金,R3,30天,30,ev_peer_universe_PR0065,synthetic_weekly_snapshot,Synthetic peer product universe,scripts/generate_weekly_report_universe.py,2025-04-04T10:00:00Z,2025-04-04,0,medium,weekly_snapshot_generator.v2
PR0066,多资产同业样例066,多资产,私银,R3,60天,60,ev_peer_universe_PR0066,synthetic_weekly_snapshot,Synthetic peer product universe,scripts/generate_weekly_report_universe.py,2025-04-04T10:00:00Z,2025-04-04,0,medium,weekly_snapshot_generator.v2
PR0067,混合类同业样例067,混合类,对公,R4,90天,90,ev_peer_universe_PR0067,synthetic_weekly_snapshot,Synthetic peer product universe,scripts/generate_weekly_report_universe.py,2025-04-04T10:00:00Z,2025-04-04,0,medium,weekly_snapshot_generator.v2
PR0068,QDII同业样例068,QDII,直销,R5,120天,120,ev_peer_universe_PR0068,synthetic_weekly_snapshot,Synthetic peer product universe,scripts/generate_weekly_report_universe.py,2025-04-04T10:00:00Z,2025-04-04,0,medium,weekly_snapshot_generator.v2
PR0069,现金管理同业样例069,现金管理,百信,R1,180天,180,ev_peer_universe_PR0069,synthetic_weekly_snapshot,Synthetic peer product universe,scripts/generate_weekly_report_universe.py,2025-04-04T10:00:00Z,2025-04-04,0,medium,weekly_snapshot_generator.v2
PR0070,封闭式同业样例070,封闭式,交行,R2,270天,270,ev_peer_universe_PR0070,synthetic_weekly_snapshot,Synthetic peer product universe,scripts/generate_weekly_report_universe.py,2025-04-04T10:00:00Z,2025-04-04,0,medium,weekly_snapshot_generator.v2
PR0071,最短持有期型同业样例071,最短持有期型,厦门银行,R3,360天,360,ev_peer_universe_PR0071,synthetic_weekly_snapshot,Synthetic peer product universe,scripts/generate_weekly_report_universe.py,2025-04-04T10:00:00Z,2025-04-04,0,medium,weekly_snapshot_generator.v2
PR0072,日开型同业样例072,日开型,邮惠万家,R1,1年封闭,365,ev_peer_universe_PR0072,synthetic_weekly_snapshot,Synthetic peer product universe,scripts/generate_weekly_report_universe.py,2025-04-04T10:00:00Z,2025-04-04,0,medium,weekly_snapshot_generator.v2
PR0073,纯固收同业样例073,纯固收,个金,R2,日开,1,ev_peer_universe_PR0073,synthetic_weekly_snapshot,Synthetic peer product universe,scripts/generate_weekly_report_universe.py,2025-04-04T10:00:00Z,2025-04-04,0,medium,weekly_snapshot_generator.v2
PR0074,固收增强同业样例074,固收增强,私银,R2,7天,7,ev_peer_universe_PR0074,synthetic_weekly_snapshot,Synthetic peer product universe,scripts/generate_weekly_report_universe.py,2025-04-04T10:00:00Z,2025-04-04,0,medium,weekly_snapshot_generator.v2
PR0075,多资产同业样例075,多资产,对公,R3,14天,14,ev_peer_universe_PR0075,synthetic_weekly_snapshot,Synthetic peer product universe,scripts/generate_weekly_report_universe.py,2025-04-04T10:00:00Z,2025-04-04,0,medium,weekly_snapshot_generator.v2
PR0076,混合类同业样例076,混合类,直销,R3,21天,21,ev_peer_universe_PR0076,synthetic_weekly_snapshot,Synthetic peer product universe,scripts/generate_weekly_report_universe.py,2025-04-04T10:00:00Z,2025-04-04,0,medium,weekly_snapshot_generator.v2
PR0077,QDII同业样例077,QDII,百信,R3,30天,30,ev_peer_universe_PR0077,synthetic_weekly_snapshot,Synthetic peer product universe,scripts/generate_weekly_report_universe.py,2025-04-04T10:00:00Z,2025-04-04,0,medium,weekly_snapshot_generator.v2
PR0078,现金管理同业样例078,现金管理,交行,R1,60天,60,ev_peer_universe_PR0078,synthetic_weekly_snapshot,Synthetic peer product universe,scripts/generate_weekly_report_universe.py,2025-04-04T10:00:00Z,2025-04-04,0,medium,weekly_snapshot_generator.v2
PR0079,封闭式同业样例079,封闭式,厦门银行,R3,90天,90,ev_peer_universe_PR0079,synthetic_weekly_snapshot,Synthetic peer product universe,scripts/generate_weekly_report_universe.py,2025-04-04T10:00:00Z,2025-04-04,0,medium,weekly_snapshot_generator.v2
PR0080,最短持有期型同业样例080,最短持有期型,邮惠万家,R3,120天,120,ev_peer_universe_PR0080,synthetic_weekly_snapshot,Synthetic peer product universe,scripts/generate_weekly_report_universe.py,2025-04-04T10:00:00Z,2025-04-04,0,medium,weekly_snapshot_generator.v2
PR0081,日开型同业样例081,日开型,个金,R2,180天,180,ev_peer_universe_PR0081,synthetic_weekly_snapshot,Synthetic peer product universe,scripts/generate_weekly_report_universe.py,2025-04-04T10:00:00Z,2025-04-04,0,medium,weekly_snapshot_generator.v2
PR0082,纯固收同业样例082,纯固收,私银,R2,270天,270,ev_peer_universe_PR0082,synthetic_weekly_snapshot,Synthetic peer product universe,scripts/generate_weekly_report_universe.py,2025-04-04T10:00:00Z,2025-04-04,0,medium,weekly_snapshot_generator.v2
PR0083,固收增强同业样例083,固收增强,对公,R3,360天,360,ev_peer_universe_PR0083,synthetic_weekly_snapshot,Synthetic peer product universe,scripts/generate_weekly_report_universe.py,2025-04-04T10:00:00Z,2025-04-04,0,medium,weekly_snapshot_generator.v2
PR0084,多资产同业样例084,多资产,直销,R3,1年封闭,365,ev_peer_universe_PR0084,synthetic_weekly_snapshot,Synthetic peer product universe,scripts/generate_weekly_report_universe.py,2025-04-04T10:00:00Z,2025-04-04,0,medium,weekly_snapshot_generator.v2
PR0085,混合类同业样例085,混合类,百信,R4,日开,1,ev_peer_universe_PR0085,synthetic_weekly_snapshot,Synthetic peer product universe,scripts/generate_weekly_report_universe.py,2025-04-04T10:00:00Z,2025-04-04,0,medium,weekly_snapshot_generator.v2
PR0086,QDII同业样例086,QDII,交行,R3,7天,7,ev_peer_universe_PR0086,synthetic_weekly_snapshot,Synthetic peer product universe,scripts/generate_weekly_report_universe.py,2025-04-04T10:00:00Z,2025-04-04,0,medium,weekly_snapshot_generator.v2
PR0087,现金管理同业样例087,现金管理,厦门银行,R1,14天,14,ev_peer_universe_PR0087,synthetic_weekly_snapshot,Synthetic peer product universe,scripts/generate_weekly_report_universe.py,2025-04-04T10:00:00Z,2025-04-04,0,medium,weekly_snapshot_generator.v2
PR0088,封闭式同业样例088,封闭式,邮惠万家,R4,21天,21,ev_peer_universe_PR0088,synthetic_weekly_snapshot,Synthetic peer product universe,scripts/generate_weekly_report_universe.py,2025-04-04T10:00:00Z,2025-04-04,0,medium,weekly_snapshot_generator.v2
PR0089,最短持有期型同业样例089,最短持有期型,个金,R3,30天,30,ev_peer_universe_PR0089,synthetic_weekly_snapshot,Synthetic peer product universe,scripts/generate_weekly_report_universe.py,2025-04-04T10:00:00Z,2025-04-04,0,medium,weekly_snapshot_generator.v2
PR0090,日开型同业样例090,日开型,私银,R2,60天,60,ev_peer_universe_PR0090,synthetic_weekly_snapshot,Synthetic peer product universe,scripts/generate_weekly_report_universe.py,2025-04-04T10:00:00Z,2025-04-04,0,medium,weekly_snapshot_generator.v2
PR0091,纯固收同业样例091,纯固收,对公,R2,90天,90,ev_peer_universe_PR0091,synthetic_weekly_snapshot,Synthetic peer product universe,scripts/generate_weekly_report_universe.py,2025-04-04T10:00:00Z,2025-04-04,0,medium,weekly_snapshot_generator.v2
PR0092,固收增强同业样例092,固收增强,直销,R2,120天,120,ev_peer_universe_PR0092,synthetic_weekly_snapshot,Synthetic peer product universe,scripts/generate_weekly_report_universe.py,2025-04-04T10:00:00Z,2025-04-04,0,medium,weekly_snapshot_generator.v2
PR0093,多资产同业样例093,多资产,百信,R3,180天,180,ev_peer_universe_PR0093,synthetic_weekly_snapshot,Synthetic peer product universe,scripts/generate_weekly_report_universe.py,2025-04-04T10:00:00Z,2025-04-04,0,medium,weekly_snapshot_generator.v2
PR0094,混合类同业样例094,混合类,交行,R4,270天,270,ev_peer_universe_PR0094,synthetic_weekly_snapshot,Synthetic peer product universe,scripts/generate_weekly_report_universe.py,2025-04-04T10:00:00Z,2025-04-04,0,medium,weekly_snapshot_generator.v2
PR0095,QDII同业样例095,QDII,厦门银行,R3,360天,360,ev_peer_universe_PR0095,synthetic_weekly_snapshot,Synthetic peer product universe,scripts/generate_weekly_report_universe.py,2025-04-04T10:00:00Z,2025-04-04,0,medium,weekly_snapshot_generator.v2
PR0096,现金管理同业样例096,现金管理,邮惠万家,R1,1年封闭,365,ev_peer_universe_PR0096,synthetic_weekly_snapshot,Synthetic peer product universe,scripts/generate_weekly_report_universe.py,2025-04-04T10:00:00Z,2025-04-04,0,medium,weekly_snapshot_generator.v2
PR0097,纯固收同业样例097,纯固收,个金,R2,日开,1,ev_peer_universe_PR0097,synthetic_weekly_snapshot,Synthetic peer product universe,scripts/generate_weekly_report_universe.py,2025-04-04T10:00:00Z,2025-04-04,0,medium,weekly_snapshot_generator.v2
PR0098,固收增强同业样例098,固收增强,私银,R2,7天,7,ev_peer_universe_PR0098,synthetic_weekly_snapshot,Synthetic peer product universe,scripts/generate_weekly_report_universe.py,2025-04-04T10:00:00Z,2025-04-04,0,medium,weekly_snapshot_generator.v2
PR0099,多资产同业样例099,多资产,对公,R4,14天,14,ev_peer_universe_PR0099,synthetic_weekly_snapshot,Synthetic peer product universe,scripts/generate_weekly_report_universe.py,2025-04-04T10:00:00Z,2025-04-04,0,medium,weekly_snapshot_generator.v2
PR0100,混合类同业样例100,混合类,直销,R3,21天,21,ev_peer_universe_PR0100,synthetic_weekly_snapshot,Synthetic peer product universe,scripts/generate_weekly_report_universe.py,2025-04-04T10:00:00Z,2025-04-04,0,medium,weekly_snapshot_generator.v2
PR0101,QDII同业样例101,QDII,百信,R5,30天,30,ev_peer_universe_PR0101,synthetic_weekly_snapshot,Synthetic peer product universe,scripts/generate_weekly_report_universe.py,2025-04-04T10:00:00Z,2025-04-04,0,medium,weekly_snapshot_generator.v2
PR0102,现金管理同业样例102,现金管理,交行,R1,60天,60,ev_peer_universe_PR0102,synthetic_weekly_snapshot,Synthetic peer product universe,scripts/generate_weekly_report_universe.py,2025-04-04T10:00:00Z,2025-04-04,0,medium,weekly_snapshot_generator.v2
PR0103,封闭式同业样例103,封闭式,厦门银行,R4,90天,90,ev_peer_universe_PR0103,synthetic_weekly_snapshot,Synthetic peer product universe,scripts/generate_weekly_report_universe.py,2025-04-04T10:00:00Z,2025-04-04,0,medium,weekly_snapshot_generator.v2
PR0104,最短持有期型同业样例104,最短持有期型,邮惠万家,R2,120天,120,ev_peer_universe_PR0104,synthetic_weekly_snapshot,Synthetic peer product universe,scripts/generate_weekly_report_universe.py,2025-04-04T10:00:00Z,2025-04-04,0,medium,weekly_snapshot_generator.v2
PR0105,日开型同业样例105,日开型,个金,R2,180天,180,ev_peer_universe_PR0105,synthetic_weekly_snapshot,Synthetic peer product universe,scripts/generate_weekly_report_universe.py,2025-04-04T10:00:00Z,2025-04-04,0,medium,weekly_snapshot_generator.v2
PR0106,纯固收同业样例106,纯固收,私银,R2,270天,270,ev_peer_universe_PR0106,synthetic_weekly_snapshot,Synthetic peer product universe,scripts/generate_weekly_report_universe.py,2025-04-04T10:00:00Z,2025-04-04,0,medium,weekly_snapshot_generator.v2
PR0107,固收增强同业样例107,固收增强,对公,R2,360天,360,ev_peer_universe_PR0107,synthetic_weekly_snapshot,Synthetic peer product universe,scripts/generate_weekly_report_universe.py,2025-04-04T10:00:00Z,2025-04-04,0,medium,weekly_snapshot_generator.v2
PR0108,多资产同业样例108,多资产,直销,R3,1年封闭,365,ev_peer_universe_PR0108,synthetic_weekly_snapshot,Synthetic peer product universe,scripts/generate_weekly_report_universe.py,2025-04-04T10:00:00Z,2025-04-04,0,medium,weekly_snapshot_generator.v2
PR0109,混合类同业样例109,混合类,百信,R4,日开,1,ev_peer_universe_PR0109,synthetic_weekly_snapshot,Synthetic peer product universe,scripts/generate_weekly_report_universe.py,2025-04-04T10:00:00Z,2025-04-04,0,medium,weekly_snapshot_generator.v2
PR0110,QDII同业样例110,QDII,交行,R4,7天,7,ev_peer_universe_PR0110,synthetic_weekly_snapshot,Synthetic peer product universe,scripts/generate_weekly_report_universe.py,2025-04-04T10:00:00Z,2025-04-04,0,medium,weekly_snapshot_generator.v2
PR0111,现金管理同业样例111,现金管理,厦门银行,R1,14天,14,ev_peer_universe_PR0111,synthetic_weekly_snapshot,Synthetic peer product universe,scripts/generate_weekly_report_universe.py,2025-04-04T10:00:00Z,2025-04-04,0,medium,weekly_snapshot_generator.v2
PR0112,封闭式同业样例112,封闭式,邮惠万家,R3,21天,21,ev_peer_universe_PR0112,synthetic_weekly_snapshot,Synthetic peer product universe,scripts/generate_weekly_report_universe.py,2025-04-04T10:00:00Z,2025-04-04,0,medium,weekly_snapshot_generator.v2
PR0113,最短持有期型同业样例113,最短持有期型,个金,R3,30天,30,ev_peer_universe_PR0113,synthetic_weekly_snapshot,Synthetic peer product universe,scripts/generate_weekly_report_universe.py,2025-04-04T10:00:00Z,2025-04-04,0,medium,weekly_snapshot_generator.v2
PR0114,日开型同业样例114,日开型,私银,R2,60天,60,ev_peer_universe_PR0114,synthetic_weekly_snapshot,Synthetic peer product universe,scripts/generate_weekly_report_universe.py,2025-04-04T10:00:00Z,2025-04-04,0,medium,weekly_snapshot_generator.v2
PR0115,纯固收同业样例115,纯固收,对公,R2,90天,90,ev_peer_universe_PR0115,synthetic_weekly_snapshot,Synthetic peer product universe,scripts/generate_weekly_report_universe.py,2025-04-04T10:00:00Z,2025-04-04,0,medium,weekly_snapshot_generator.v2
PR0116,固收增强同业样例116,固收增强,直销,R2,120天,120,ev_peer_universe_PR0116,synthetic_weekly_snapshot,Synthetic peer product universe,scripts/generate_weekly_report_universe.py,2025-04-04T10:00:00Z,2025-04-04,0,medium,weekly_snapshot_generator.v2
PR0117,多资产同业样例117,多资产,百信,R3,180天,180,ev_peer_universe_PR0117,synthetic_weekly_snapshot,Synthetic peer product universe,scripts/generate_weekly_report_universe.py,2025-04-04T10:00:00Z,2025-04-04,0,medium,weekly_snapshot_generator.v2
PR0118,混合类同业样例118,混合类,交行,R3,270天,270,ev_peer_universe_PR0118,synthetic_weekly_snapshot,Synthetic peer product universe,scripts/generate_weekly_report_universe.py,2025-04-04T10:00:00Z,2025-04-04,0,medium,weekly_snapshot_generator.v2
PR0119,QDII同业样例119,QDII,厦门银行,R3,360天,360,ev_peer_universe_PR0119,synthetic_weekly_snapshot,Synthetic peer product universe,scripts/generate_weekly_report_universe.py,2025-04-04T10:00:00Z,2025-04-04,0,medium,weekly_snapshot_generator.v2
PR0120,现金管理同业样例120,现金管理,邮惠万家,R1,1年封闭,365,ev_peer_universe_PR0120,synthetic_weekly_snapshot,Synthetic peer product universe,scripts/generate_weekly_report_universe.py,2025-04-04T10:00:00Z,2025-04-04,0,medium,weekly_snapshot_generator.v2
PR0121,封闭式同业样例121,封闭式,个金,R2,日开,1,ev_peer_universe_PR0121,synthetic_weekly_snapshot,Synthetic peer product universe,scripts/generate_weekly_report_universe.py,2025-04-04T10:00:00Z,2025-04-04,0,medium,weekly_snapshot_generator.v2
PR0122,最短持有期型同业样例122,最短持有期型,私银,R3,7天,7,ev_peer_universe_PR0122,synthetic_weekly_snapshot,Synthetic peer product universe,scripts/generate_weekly_report_universe.py,2025-04-04T10:00:00Z,2025-04-04,0,medium,weekly_snapshot_generator.v2
PR0123,日开型同业样例123,日开型,对公,R1,14天,14,ev_peer_universe_PR0123,synthetic_weekly_snapshot,Synthetic peer product universe,scripts/generate_weekly_report_universe.py,2025-04-04T10:00:00Z,2025-04-04,0,medium,weekly_snapshot_generator.v2
PR0124,纯固收同业样例124,纯固收,直销,R2,21天,21,ev_peer_universe_PR0124,synthetic_weekly_snapshot,Synthetic peer product universe,scripts/generate_weekly_report_universe.py,2025-04-04T10:00:00Z,2025-04-04,0,medium,weekly_snapshot_generator.v2
PR0125,固收增强同业样例125,固收增强,百信,R3,30天,30,ev_peer_universe_PR0125,synthetic_weekly_snapshot,Synthetic peer product universe,scripts/generate_weekly_report_universe.py,2025-04-04T10:00:00Z,2025-04-04,0,medium,weekly_snapshot_generator.v2
PR0126,多资产同业样例126,多资产,交行,R3,60天,60,ev_peer_universe_PR0126,synthetic_weekly_snapshot,Synthetic peer product universe,scripts/generate_weekly_report_universe.py,2025-04-04T10:00:00Z,2025-04-04,0,medium,weekly_snapshot_generator.v2
PR0127,混合类同业样例127,混合类,厦门银行,R3,90天,90,ev_peer_universe_PR0127,synthetic_weekly_snapshot,Synthetic peer product universe,scripts/generate_weekly_report_universe.py,2025-04-04T10:00:00Z,2025-04-04,0,medium,weekly_snapshot_generator.v2
PR0128,QDII同业样例128,QDII,邮惠万家,R4,120天,120,ev_peer_universe_PR0128,synthetic_weekly_snapshot,Synthetic peer product universe,scripts/generate_weekly_report_universe.py,2025-04-04T10:00:00Z,2025-04-04,0,medium,weekly_snapshot_generator.v2
PR0129,现金管理同业样例129,现金管理,个金,R1,180天,180,ev_peer_universe_PR0129,synthetic_weekly_snapshot,Synthetic peer product universe,scripts/generate_weekly_report_universe.py,2025-04-04T10:00:00Z,2025-04-04,0,medium,weekly_snapshot_generator.v2
PR0130,封闭式同业样例130,封闭式,私银,R2,270天,270,ev_peer_universe_PR0130,synthetic_weekly_snapshot,Synthetic peer product universe,scripts/generate_weekly_report_universe.py,2025-04-04T10:00:00Z,2025-04-04,0,medium,weekly_snapshot_generator.v2
PR0131,最短持有期型同业样例131,最短持有期型,对公,R3,360天,360,ev_peer_universe_PR0131,synthetic_weekly_snapshot,Synthetic peer product universe,scripts/generate_weekly_report_universe.py,2025-04-04T10:00:00Z,2025-04-04,0,medium,weekly_snapshot_generator.v2
PR0132,日开型同业样例132,日开型,直销,R2,1年封闭,365,ev_peer_universe_PR0132,synthetic_weekly_snapshot,Synthetic peer product universe,scripts/generate_weekly_report_universe.py,2025-04-04T10:00:00Z,2025-04-04,0,medium,weekly_snapshot_generator.v2
PR0133,纯固收同业样例133,纯固收,百信,R2,日开,1,ev_peer_universe_PR0133,synthetic_weekly_snapshot,Synthetic peer product universe,scripts/generate_weekly_report_universe.py,2025-04-04T10:00:00Z,2025-04-04,0,medium,weekly_snapshot_generator.v2
PR0134,固收增强同业样例134,固收增强,交行,R2,7天,7,ev_peer_universe_PR0134,synthetic_weekly_snapshot,Synthetic peer product universe,scripts/generate_weekly_report_universe.py,2025-04-04T10:00:00Z,2025-04-04,0,medium,weekly_snapshot_generator.v2
PR0135,多资产同业样例135,多资产,厦门银行,R3,14天,14,ev_peer_universe_PR0135,synthetic_weekly_snapshot,Synthetic peer product universe,scripts/generate_weekly_report_universe.py,2025-04-04T10:00:00Z,2025-04-04,0,medium,weekly_snapshot_generator.v2
PR0136,混合类同业样例136,混合类,邮惠万家,R4,21天,21,ev_peer_universe_PR0136,synthetic_weekly_snapshot,Synthetic peer product universe,scripts/generate_weekly_report_universe.py,2025-04-04T10:00:00Z,2025-04-04,0,medium,weekly_snapshot_generator.v2
PR0137,QDII同业样例137,QDII,个金,R4,30天,30,ev_peer_universe_PR0137,synthetic_weekly_snapshot,Synthetic peer product universe,scripts/generate_weekly_report_universe.py,2025-04-04T10:00:00Z,2025-04-04,0,medium,weekly_snapshot_generator.v2
PR0138,现金管理同业样例138,现金管理,私银,R1,60天,60,ev_peer_universe_PR0138,synthetic_weekly_snapshot,Synthetic peer product universe,scripts/generate_weekly_report_universe.py,2025-04-04T10:00:00Z,2025-04-04,0,medium,weekly_snapshot_generator.v2
PR0139,封闭式同业样例139,封闭式,对公,R4,90天,90,ev_peer_universe_PR0139,synthetic_weekly_snapshot,Synthetic peer product universe,scripts/generate_weekly_report_universe.py,2025-04-04T10:00:00Z,2025-04-04,0,medium,weekly_snapshot_generator.v2
PR0140,最短持有期型同业样例140,最短持有期型,直销,R3,120天,120,ev_peer_universe_PR0140,synthetic_weekly_snapshot,Synthetic peer product universe,scripts/generate_weekly_report_universe.py,2025-04-04T10:00:00Z,2025-04-04,0,medium,weekly_snapshot_generator.v2
PR0141,日开型同业样例141,日开型,百信,R2,180天,180,ev_peer_universe_PR0141,synthetic_weekly_snapshot,Synthetic peer product universe,scripts/generate_weekly_report_universe.py,2025-04-04T10:00:00Z,2025-04-04,0,medium,weekly_snapshot_generator.v2
PR0142,纯固收同业样例142,纯固收,交行,R2,270天,270,ev_peer_universe_PR0142,synthetic_weekly_snapshot,Synthetic peer product universe,scripts/generate_weekly_report_universe.py,2025-04-04T10:00:00Z,2025-04-04,0,medium,weekly_snapshot_generator.v2
PR0143,固收增强同业样例143,固收增强,厦门银行,R3,360天,360,ev_peer_universe_PR0143,synthetic_weekly_snapshot,Synthetic peer product universe,scripts/generate_weekly_report_universe.py,2025-04-04T10:00:00Z,2025-04-04,0,medium,weekly_snapshot_generator.v2
PR0144,多资产同业样例144,多资产,邮惠万家,R4,1年封闭,365,ev_peer_universe_PR0144,synthetic_weekly_snapshot,Synthetic peer product universe,scripts/generate_weekly_report_universe.py,2025-04-04T10:00:00Z,2025-04-04,0,medium,weekly_snapshot_generator.v2
PR0145,混合类同业样例145,混合类,个金,R3,日开,1,ev_peer_universe_PR0145,synthetic_weekly_snapshot,Synthetic peer product universe,scripts/generate_weekly_report_universe.py,2025-04-04T10:00:00Z,2025-04-04,0,medium,weekly_snapshot_generator.v2
PR0146,QDII同业样例146,QDII,私银,R5,7天,7,ev_peer_universe_PR0146,synthetic_weekly_snapshot,Synthetic peer product universe,scripts/generate_weekly_report_universe.py,2025-04-04T10:00:00Z,2025-04-04,0,medium,weekly_snapshot_generator.v2
PR0147,现金管理同业样例147,现金管理,对公,R1,14天,14,ev_peer_universe_PR0147,synthetic_weekly_snapshot,Synthetic peer product universe,scripts/generate_weekly_report_universe.py,2025-04-04T10:00:00Z,2025-04-04,0,medium,weekly_snapshot_generator.v2
PR0148,封闭式同业样例148,封闭式,直销,R4,21天,21,ev_peer_universe_PR0148,synthetic_weekly_snapshot,Synthetic peer product universe,scripts/generate_weekly_report_universe.py,2025-04-04T10:00:00Z,2025-04-04,0,medium,weekly_snapshot_generator.v2
PR0149,最短持有期型同业样例149,最短持有期型,百信,R3,30天,30,ev_peer_universe_PR0149,synthetic_weekly_snapshot,Synthetic peer product universe,scripts/generate_weekly_report_universe.py,2025-04-04T10:00:00Z,2025-04-04,0,medium,weekly_snapshot_generator.v2
PR0150,日开型同业样例150,日开型,交行,R1,60天,60,ev_peer_universe_PR0150,synthetic_weekly_snapshot,Synthetic peer product universe,scripts/generate_weekly_report_universe.py,2025-04-04T10:00:00Z,2025-04-04,0,medium,weekly_snapshot_generator.v2
PR0151,纯固收同业样例151,纯固收,厦门银行,R2,90天,90,ev_peer_universe_PR0151,synthetic_weekly_snapshot,Synthetic peer product universe,scripts/generate_weekly_report_universe.py,2025-04-04T10:00:00Z,2025-04-04,0,medium,weekly_snapshot_generator.v2
PR0152,固收增强同业样例152,固收增强,邮惠万家,R2,120天,120,ev_peer_universe_PR0152,synthetic_weekly_snapshot,Synthetic peer product universe,scripts/generate_weekly_report_universe.py,2025-04-04T10:00:00Z,2025-04-04,0,medium,weekly_snapshot_generator.v2
PR0153,多资产同业样例153,多资产,个金,R4,180天,180,ev_peer_universe_PR0153,synthetic_weekly_snapshot,Synthetic peer product universe,scripts/generate_weekly_report_universe.py,2025-04-04T10:00:00Z,2025-04-04,0,medium,weekly_snapshot_generator.v2
PR0154,混合类同业样例154,混合类,私银,R3,270天,270,ev_peer_universe_PR0154,synthetic_weekly_snapshot,Synthetic peer product universe,scripts/generate_weekly_report_universe.py,2025-04-04T10:00:00Z,2025-04-04,0,medium,weekly_snapshot_generator.v2
PR0155,QDII同业样例155,QDII,对公,R3,360天,360,ev_peer_universe_PR0155,synthetic_weekly_snapshot,Synthetic peer product universe,scripts/generate_weekly_report_universe.py,2025-04-04T10:00:00Z,2025-04-04,0,medium,weekly_snapshot_generator.v2
PR0156,现金管理同业样例156,现金管理,直销,R1,1年封闭,365,ev_peer_universe_PR0156,synthetic_weekly_snapshot,Synthetic peer product universe,scripts/generate_weekly_report_universe.py,2025-04-04T10:00:00Z,2025-04-04,0,medium,weekly_snapshot_generator.v2
PR0157,封闭式同业样例157,封闭式,百信,R2,日开,1,ev_peer_universe_PR0157,synthetic_weekly_snapshot,Synthetic peer product universe,scripts/generate_weekly_report_universe.py,2025-04-04T10:00:00Z,2025-04-04,0,medium,weekly_snapshot_generator.v2
PR0158,最短持有期型同业样例158,最短持有期型,交行,R2,7天,7,ev_peer_universe_PR0158,synthetic_weekly_snapshot,Synthetic peer product universe,scripts/generate_weekly_report_universe.py,2025-04-04T10:00:00Z,2025-04-04,0,medium,weekly_snapshot_generator.v2
PR0159,日开型同业样例159,日开型,厦门银行,R1,14天,14,ev_peer_universe_PR0159,synthetic_weekly_snapshot,Synthetic peer product universe,scripts/generate_weekly_report_universe.py,2025-04-04T10:00:00Z,2025-04-04,0,medium,weekly_snapshot_generator.v2
PR0160,纯固收同业样例160,纯固收,邮惠万家,R2,21天,21,ev_peer_universe_PR0160,synthetic_weekly_snapshot,Synthetic peer product universe,scripts/generate_weekly_report_universe.py,2025-04-04T10:00:00Z,2025-04-04,0,medium,weekly_snapshot_generator.v2
PR0161,固收增强同业样例161,固收增强,个金,R3,30天,30,ev_peer_universe_PR0161,synthetic_weekly_snapshot,Synthetic peer product universe,scripts/generate_weekly_report_universe.py,2025-04-04T10:00:00Z,2025-04-04,0,medium,weekly_snapshot_generator.v2
PR0162,多资产同业样例162,多资产,私银,R3,60天,60,ev_peer_universe_PR0162,synthetic_weekly_snapshot,Synthetic peer product universe,scripts/generate_weekly_report_universe.py,2025-04-04T10:00:00Z,2025-04-04,0,medium,weekly_snapshot_generator.v2
PR0163,混合类同业样例163,混合类,对公,R4,90天,90,ev_peer_universe_PR0163,synthetic_weekly_snapshot,Synthetic peer product universe,scripts/generate_weekly_report_universe.py,2025-04-04T10:00:00Z,2025-04-04,0,medium,weekly_snapshot_generator.v2
PR0164,QDII同业样例164,QDII,直销,R5,120天,120,ev_peer_universe_PR0164,synthetic_weekly_snapshot,Synthetic peer product universe,scripts/generate_weekly_report_universe.py,2025-04-04T10:00:00Z,2025-04-04,0,medium,weekly_snapshot_generator.v2
PR0165,现金管理同业样例165,现金管理,百信,R1,180天,180,ev_peer_universe_PR0165,synthetic_weekly_snapshot,Synthetic peer product universe,scripts/generate_weekly_report_universe.py,2025-04-04T10:00:00Z,2025-04-04,0,medium,weekly_snapshot_generator.v2
PR0166,封闭式同业样例166,封闭式,交行,R2,270天,270,ev_peer_universe_PR0166,synthetic_weekly_snapshot,Synthetic peer product universe,scripts/generate_weekly_report_universe.py,2025-04-04T10:00:00Z,2025-04-04,0,medium,weekly_snapshot_generator.v2
PR0167,最短持有期型同业样例167,最短持有期型,厦门银行,R3,360天,360,ev_peer_universe_PR0167,synthetic_weekly_snapshot,Synthetic peer product universe,scripts/generate_weekly_report_universe.py,2025-04-04T10:00:00Z,2025-04-04,0,medium,weekly_snapshot_generator.v2
PR0168,日开型同业样例168,日开型,邮惠万家,R1,1年封闭,365,ev_peer_universe_PR0168,synthetic_weekly_snapshot,Synthetic peer product universe,scripts/generate_weekly_report_universe.py,2025-04-04T10:00:00Z,2025-04-04,0,medium,weekly_snapshot_generator.v2
PR0169,纯固收同业样例169,纯固收,个金,R2,日开,1,ev_peer_universe_PR0169,synthetic_weekly_snapshot,Synthetic peer product universe,scripts/generate_weekly_report_universe.py,2025-04-04T10:00:00Z,2025-04-04,0,medium,weekly_snapshot_generator.v2
PR0170,固收增强同业样例170,固收增强,私银,R2,7天,7,ev_peer_universe_PR0170,synthetic_weekly_snapshot,Synthetic peer product universe,scripts/generate_weekly_report_universe.py,2025-04-04T10:00:00Z,2025-04-04,0,medium,weekly_snapshot_generator.v2
PR0171,多资产同业样例171,多资产,对公,R3,14天,14,ev_peer_universe_PR0171,synthetic_weekly_snapshot,Synthetic peer product universe,scripts/generate_weekly_report_universe.py,2025-04-04T10:00:00Z,2025-04-04,0,medium,weekly_snapshot_generator.v2
PR0172,混合类同业样例172,混合类,直销,R3,21天,21,ev_peer_universe_PR0172,synthetic_weekly_snapshot,Synthetic peer product universe,scripts/generate_weekly_report_universe.py,2025-04-04T10:00:00Z,2025-04-04,0,medium,weekly_snapshot_generator.v2
PR0173,QDII同业样例173,QDII,百信,R3,30天,30,ev_peer_universe_PR0173,synthetic_weekly_snapshot,Synthetic peer product universe,scripts/generate_weekly_report_universe.py,2025-04-04T10:00:00Z,2025-04-04,0,medium,weekly_snapshot_generator.v2
PR0174,现金管理同业样例174,现金管理,交行,R1,60天,60,ev_peer_universe_PR0174,synthetic_weekly_snapshot,Synthetic peer product universe,scripts/generate_weekly_report_universe.py,2025-04-04T10:00:00Z,2025-04-04,0,medium,weekly_snapshot_generator.v2
PR0175,封闭式同业样例175,封闭式,厦门银行,R3,90天,90,ev_peer_universe_PR0175,synthetic_weekly_snapshot,Synthetic peer product universe,scripts/generate_weekly_report_universe.py,2025-04-04T10:00:00Z,2025-04-04,0,medium,weekly_snapshot_generator.v2
PR0176,最短持有期型同业样例176,最短持有期型,邮惠万家,R3,120天,120,ev_peer_universe_PR0176,synthetic_weekly_snapshot,Synthetic peer product universe,scripts/generate_weekly_report_universe.py,2025-04-04T10:00:00Z,2025-04-04,0,medium,weekly_snapshot_generator.v2
PR0177,日开型同业样例177,日开型,个金,R2,180天,180,ev_peer_universe_PR0177,synthetic_weekly_snapshot,Synthetic peer product universe,scripts/generate_weekly_report_universe.py,2025-04-04T10:00:00Z,2025-04-04,0,medium,weekly_snapshot_generator.v2
PR0178,纯固收同业样例178,纯固收,私银,R2,270天,270,ev_peer_universe_PR0178,synthetic_weekly_snapshot,Synthetic peer product universe,scripts/generate_weekly_report_universe.py,2025-04-04T10:00:00Z,2025-04-04,0,medium,weekly_snapshot_generator.v2
PR0179,固收增强同业样例179,固收增强,对公,R3,360天,360,ev_peer_universe_PR0179,synthetic_weekly_snapshot,Synthetic peer product universe,scripts/generate_weekly_report_universe.py,2025-04-04T10:00:00Z,2025-04-04,0,medium,weekly_snapshot_generator.v2
PR0180,多资产同业样例180,多资产,直销,R3,1年封闭,365,ev_peer_universe_PR0180,synthetic_weekly_snapshot,Synthetic peer product universe,scripts/generate_weekly_report_universe.py,2025-04-04T10:00:00Z,2025-04-04,0,medium,weekly_snapshot_generator.v2
PR0181,混合类同业样例181,混合类,百信,R4,日开,1,ev_peer_universe_PR0181,synthetic_weekly_snapshot,Synthetic peer product universe,scripts/generate_weekly_report_universe.py,2025-04-04T10:00:00Z,2025-04-04,0,medium,weekly_snapshot_generator.v2
PR0182,QDII同业样例182,QDII,交行,R3,7天,7,ev_peer_universe_PR0182,synthetic_weekly_snapshot,Synthetic peer product universe,scripts/generate_weekly_report_universe.py,2025-04-04T10:00:00Z,2025-04-04,0,medium,weekly_snapshot_generator.v2
PR0183,现金管理同业样例183,现金管理,厦门银行,R1,14天,14,ev_peer_universe_PR0183,synthetic_weekly_snapshot,Synthetic peer product universe,scripts/generate_weekly_report_universe.py,2025-04-04T10:00:00Z,2025-04-04,0,medium,weekly_snapshot_generator.v2
PR0184,封闭式同业样例184,封闭式,邮惠万家,R4,21天,21,ev_peer_universe_PR0184,synthetic_weekly_snapshot,Synthetic peer product universe,scripts/generate_weekly_report_universe.py,2025-04-04T10:00:00Z,2025-04-04,0,medium,weekly_snapshot_generator.v2
PR0185,最短持有期型同业样例185,最短持有期型,个金,R3,30天,30,ev_peer_universe_PR0185,synthetic_weekly_snapshot,Synthetic peer product universe,scripts/generate_weekly_report_universe.py,2025-04-04T10:00:00Z,2025-04-04,0,medium,weekly_snapshot_generator.v2
PR0186,日开型同业样例186,日开型,私银,R2,60天,60,ev_peer_universe_PR0186,synthetic_weekly_snapshot,Synthetic peer product universe,scripts/generate_weekly_report_universe.py,2025-04-04T10:00:00Z,2025-04-04,0,medium,weekly_snapshot_generator.v2
PR0187,纯固收同业样例187,纯固收,对公,R2,90天,90,ev_peer_universe_PR0187,synthetic_weekly_snapshot,Synthetic peer product universe,scripts/generate_weekly_report_universe.py,2025-04-04T10:00:00Z,2025-04-04,0,medium,weekly_snapshot_generator.v2
PR0188,固收增强同业样例188,固收增强,直销,R2,120天,120,ev_peer_universe_PR0188,synthetic_weekly_snapshot,Synthetic peer product universe,scripts/generate_weekly_report_universe.py,2025-04-04T10:00:00Z,2025-04-04,0,medium,weekly_snapshot_generator.v2
PR0189,多资产同业样例189,多资产,百信,R3,180天,180,ev_peer_universe_PR0189,synthetic_weekly_snapshot,Synthetic peer product universe,scripts/generate_weekly_report_universe.py,2025-04-04T10:00:00Z,2025-04-04,0,medium,weekly_snapshot_generator.v2
PR0190,混合类同业样例190,混合类,交行,R4,270天,270,ev_peer_universe_PR0190,synthetic_weekly_snapshot,Synthetic peer product universe,scripts/generate_weekly_report_universe.py,2025-04-04T10:00:00Z,2025-04-04,0,medium,weekly_snapshot_generator.v2
PR0191,QDII同业样例191,QDII,厦门银行,R3,360天,360,ev_peer_universe_PR0191,synthetic_weekly_snapshot,Synthetic peer product universe,scripts/generate_weekly_report_universe.py,2025-04-04T10:00:00Z,2025-04-04,0,medium,weekly_snapshot_generator.v2
PR0192,现金管理同业样例192,现金管理,邮惠万家,R1,1年封闭,365,ev_peer_universe_PR0192,synthetic_weekly_snapshot,Synthetic peer product universe,scripts/generate_weekly_report_universe.py,2025-04-04T10:00:00Z,2025-04-04,0,medium,weekly_snapshot_generator.v2
PR0193,纯固收同业样例193,纯固收,个金,R2,日开,1,ev_peer_universe_PR0193,synthetic_weekly_snapshot,Synthetic peer product universe,scripts/generate_weekly_report_universe.py,2025-04-04T10:00:00Z,2025-04-04,0,medium,weekly_snapshot_generator.v2
PR0194,固收增强同业样例194,固收增强,私银,R2,7天,7,ev_peer_universe_PR0194,synthetic_weekly_snapshot,Synthetic peer product universe,scripts/generate_weekly_report_universe.py,2025-04-04T10:00:00Z,2025-04-04,0,medium,weekly_snapshot_generator.v2
PR0195,多资产同业样例195,多资产,对公,R4,14天,14,ev_peer_universe_PR0195,synthetic_weekly_snapshot,Synthetic peer product universe,scripts/generate_weekly_report_universe.py,2025-04-04T10:00:00Z,2025-04-04,0,medium,weekly_snapshot_generator.v2
PR0196,混合类同业样例196,混合类,直销,R3,21天,21,ev_peer_universe_PR0196,synthetic_weekly_snapshot,Synthetic peer product universe,scripts/generate_weekly_report_universe.py,2025-04-04T10:00:00Z,2025-04-04,0,medium,weekly_snapshot_generator.v2
PR0197,QDII同业样例197,QDII,百信,R5,30天,30,ev_peer_universe_PR0197,synthetic_weekly_snapshot,Synthetic peer product universe,scripts/generate_weekly_report_universe.py,2025-04-04T10:00:00Z,2025-04-04,0,medium,weekly_snapshot_generator.v2
PR0198,现金管理同业样例198,现金管理,交行,R1,60天,60,ev_peer_universe_PR0198,synthetic_weekly_snapshot,Synthetic peer product universe,scripts/generate_weekly_report_universe.py,2025-04-04T10:00:00Z,2025-04-04,0,medium,weekly_snapshot_generator.v2
PR0199,封闭式同业样例199,封闭式,厦门银行,R4,90天,90,ev_peer_universe_PR0199,synthetic_weekly_snapshot,Synthetic peer product universe,scripts/generate_weekly_report_universe.py,2025-04-04T10:00:00Z,2025-04-04,0,medium,weekly_snapshot_generator.v2
PR0200,最短持有期型同业样例200,最短持有期型,邮惠万家,R2,120天,120,ev_peer_universe_PR0200,synthetic_weekly_snapshot,Synthetic peer product universe,scripts/generate_weekly_report_universe.py,2025-04-04T10:00:00Z,2025-04-04,0,medium,weekly_snapshot_generator.v2
PR0201,日开型同业样例201,日开型,个金,R2,180天,180,ev_peer_universe_PR0201,synthetic_weekly_snapshot,Synthetic peer product universe,scripts/generate_weekly_report_universe.py,2025-04-04T10:00:00Z,2025-04-04,0,medium,weekly_snapshot_generator.v2
PR0202,纯固收同业样例202,纯固收,私银,R2,270天,270,ev_peer_universe_PR0202,synthetic_weekly_snapshot,Synthetic peer product universe,scripts/generate_weekly_report_universe.py,2025-04-04T10:00:00Z,2025-04-04,0,medium,weekly_snapshot_generator.v2
PR0203,固收增强同业样例203,固收增强,对公,R2,360天,360,ev_peer_universe_PR0203,synthetic_weekly_snapshot,Synthetic peer product universe,scripts/generate_weekly_report_universe.py,2025-04-04T10:00:00Z,2025-04-04,0,medium,weekly_snapshot_generator.v2
PR0204,多资产同业样例204,多资产,直销,R3,1年封闭,365,ev_peer_universe_PR0204,synthetic_weekly_snapshot,Synthetic peer product universe,scripts/generate_weekly_report_universe.py,2025-04-04T10:00:00Z,2025-04-04,0,medium,weekly_snapshot_generator.v2
PR0205,混合类同业样例205,混合类,百信,R4,日开,1,ev_peer_universe_PR0205,synthetic_weekly_snapshot,Synthetic peer product universe,scripts/generate_weekly_report_universe.py,2025-04-04T10:00:00Z,2025-04-04,0,medium,weekly_snapshot_generator.v2
PR0206,QDII同业样例206,QDII,交行,R4,7天,7,ev_peer_universe_PR0206,synthetic_weekly_snapshot,Synthetic peer product universe,scripts/generate_weekly_report_universe.py,2025-04-04T10:00:00Z,2025-04-04,0,medium,weekly_snapshot_generator.v2
PR0207,现金管理同业样例207,现金管理,厦门银行,R1,14天,14,ev_peer_universe_PR0207,synthetic_weekly_snapshot,Synthetic peer product universe,scripts/generate_weekly_report_universe.py,2025-04-04T10:00:00Z,2025-04-04,0,medium,weekly_snapshot_generator.v2
PR0208,封闭式同业样例208,封闭式,邮惠万家,R3,21天,21,ev_peer_universe_PR0208,synthetic_weekly_snapshot,Synthetic peer product universe,scripts/generate_weekly_report_universe.py,2025-04-04T10:00:00Z,2025-04-04,0,medium,weekly_snapshot_generator.v2
PR0209,最短持有期型同业样例209,最短持有期型,个金,R3,30天,30,ev_peer_universe_PR0209,synthetic_weekly_snapshot,Synthetic peer product universe,scripts/generate_weekly_report_universe.py,2025-04-04T10:00:00Z,2025-04-04,0,medium,weekly_snapshot_generator.v2
PR0210,日开型同业样例210,日开型,私银,R2,60天,60,ev_peer_universe_PR0210,synthetic_weekly_snapshot,Synthetic peer product universe,scripts/generate_weekly_report_universe.py,2025-04-04T10:00:00Z,2025-04-04,0,medium,weekly_snapshot_generator.v2
PR0211,纯固收同业样例211,纯固收,对公,R2,90天,90,ev_peer_universe_PR0211,synthetic_weekly_snapshot,Synthetic peer product universe,scripts/generate_weekly_report_universe.py,2025-04-04T10:00:00Z,2025-04-04,0,medium,weekly_snapshot_generator.v2
PR0212,固收增强同业样例212,固收增强,直销,R2,120天,120,ev_peer_universe_PR0212,synthetic_weekly_snapshot,Synthetic peer product universe,scripts/generate_weekly_report_universe.py,2025-04-04T10:00:00Z,2025-04-04,0,medium,weekly_snapshot_generator.v2
PR0213,多资产同业样例213,多资产,百信,R3,180天,180,ev_peer_universe_PR0213,synthetic_weekly_snapshot,Synthetic peer product universe,scripts/generate_weekly_report_universe.py,2025-04-04T10:00:00Z,2025-04-04,0,medium,weekly_snapshot_generator.v2
PR0214,混合类同业样例214,混合类,交行,R3,270天,270,ev_peer_universe_PR0214,synthetic_weekly_snapshot,Synthetic peer product universe,scripts/generate_weekly_report_universe.py,2025-04-04T10:00:00Z,2025-04-04,0,medium,weekly_snapshot_generator.v2
PR0215,QDII同业样例215,QDII,厦门银行,R3,360天,360,ev_peer_universe_PR0215,synthetic_weekly_snapshot,Synthetic peer product universe,scripts/generate_weekly_report_universe.py,2025-04-04T10:00:00Z,2025-04-04,0,medium,weekly_snapshot_generator.v2
PR0216,现金管理同业样例216,现金管理,邮惠万家,R1,1年封闭,365,ev_peer_universe_PR0216,synthetic_weekly_snapshot,Synthetic peer product universe,scripts/generate_weekly_report_universe.py,2025-04-04T10:00:00Z,2025-04-04,0,medium,weekly_snapshot_generator.v2
PR0217,封闭式同业样例217,封闭式,个金,R2,日开,1,ev_peer_universe_PR0217,synthetic_weekly_snapshot,Synthetic peer product universe,scripts/generate_weekly_report_universe.py,2025-04-04T10:00:00Z,2025-04-04,0,medium,weekly_snapshot_generator.v2
PR0218,最短持有期型同业样例218,最短持有期型,私银,R3,7天,7,ev_peer_universe_PR0218,synthetic_weekly_snapshot,Synthetic peer product universe,scripts/generate_weekly_report_universe.py,2025-04-04T10:00:00Z,2025-04-04,0,medium,weekly_snapshot_generator.v2
PR0219,日开型同业样例219,日开型,对公,R1,14天,14,ev_peer_universe_PR0219,synthetic_weekly_snapshot,Synthetic peer product universe,scripts/generate_weekly_report_universe.py,2025-04-04T10:00:00Z,2025-04-04,0,medium,weekly_snapshot_generator.v2
PR0220,纯固收同业样例220,纯固收,直销,R2,21天,21,ev_peer_universe_PR0220,synthetic_weekly_snapshot,Synthetic peer product universe,scripts/generate_weekly_report_universe.py,2025-04-04T10:00:00Z,2025-04-04,0,medium,weekly_snapshot_generator.v2
PR0221,固收增强同业样例221,固收增强,百信,R3,30天,30,ev_peer_universe_PR0221,synthetic_weekly_snapshot,Synthetic peer product universe,scripts/generate_weekly_report_universe.py,2025-04-04T10:00:00Z,2025-04-04,0,medium,weekly_snapshot_generator.v2
PR0222,多资产同业样例222,多资产,交行,R3,60天,60,ev_peer_universe_PR0222,synthetic_weekly_snapshot,Synthetic peer product universe,scripts/generate_weekly_report_universe.py,2025-04-04T10:00:00Z,2025-04-04,0,medium,weekly_snapshot_generator.v2
PR0223,混合类同业样例223,混合类,厦门银行,R3,90天,90,ev_peer_universe_PR0223,synthetic_weekly_snapshot,Synthetic peer product universe,scripts/generate_weekly_report_universe.py,2025-04-04T10:00:00Z,2025-04-04,0,medium,weekly_snapshot_generator.v2
PR0224,QDII同业样例224,QDII,邮惠万家,R4,120天,120,ev_peer_universe_PR0224,synthetic_weekly_snapshot,Synthetic peer product universe,scripts/generate_weekly_report_universe.py,2025-04-04T10:00:00Z,2025-04-04,0,medium,weekly_snapshot_generator.v2
PR0225,现金管理同业样例225,现金管理,个金,R1,180天,180,ev_peer_universe_PR0225,synthetic_weekly_snapshot,Synthetic peer product universe,scripts/generate_weekly_report_universe.py,2025-04-04T10:00:00Z,2025-04-04,0,medium,weekly_snapshot_generator.v2
PR0226,封闭式同业样例226,封闭式,私银,R2,270天,270,ev_peer_universe_PR0226,synthetic_weekly_snapshot,Synthetic peer product universe,scripts/generate_weekly_report_universe.py,2025-04-04T10:00:00Z,2025-04-04,0,medium,weekly_snapshot_generator.v2
PR0227,最短持有期型同业样例227,最短持有期型,对公,R3,360天,360,ev_peer_universe_PR0227,synthetic_weekly_snapshot,Synthetic peer product universe,scripts/generate_weekly_report_universe.py,2025-04-04T10:00:00Z,2025-04-04,0,medium,weekly_snapshot_generator.v2
PR0228,日开型同业样例228,日开型,直销,R2,1年封闭,365,ev_peer_universe_PR0228,synthetic_weekly_snapshot,Synthetic peer product universe,scripts/generate_weekly_report_universe.py,2025-04-04T10:00:00Z,2025-04-04,0,medium,weekly_snapshot_generator.v2
PR0229,纯固收同业样例229,纯固收,百信,R2,日开,1,ev_peer_universe_PR0229,synthetic_weekly_snapshot,Synthetic peer product universe,scripts/generate_weekly_report_universe.py,2025-04-04T10:00:00Z,2025-04-04,0,medium,weekly_snapshot_generator.v2
PR0230,固收增强同业样例230,固收增强,交行,R2,7天,7,ev_peer_universe_PR0230,synthetic_weekly_snapshot,Synthetic peer product universe,scripts/generate_weekly_report_universe.py,2025-04-04T10:00:00Z,2025-04-04,0,medium,weekly_snapshot_generator.v2
PR0231,多资产同业样例231,多资产,厦门银行,R3,14天,14,ev_peer_universe_PR0231,synthetic_weekly_snapshot,Synthetic peer product universe,scripts/generate_weekly_report_universe.py,2025-04-04T10:00:00Z,2025-04-04,0,medium,weekly_snapshot_generator.v2
PR0232,混合类同业样例232,混合类,邮惠万家,R4,21天,21,ev_peer_universe_PR0232,synthetic_weekly_snapshot,Synthetic peer product universe,scripts/generate_weekly_report_universe.py,2025-04-04T10:00:00Z,2025-04-04,0,medium,weekly_snapshot_generator.v2
PR0233,QDII同业样例233,QDII,个金,R4,30天,30,ev_peer_universe_PR0233,synthetic_weekly_snapshot,Synthetic peer product universe,scripts/generate_weekly_report_universe.py,2025-04-04T10:00:00Z,2025-04-04,0,medium,weekly_snapshot_generator.v2
PR0234,现金管理同业样例234,现金管理,私银,R1,60天,60,ev_peer_universe_PR0234,synthetic_weekly_snapshot,Synthetic peer product universe,scripts/generate_weekly_report_universe.py,2025-04-04T10:00:00Z,2025-04-04,0,medium,weekly_snapshot_generator.v2
PR0235,封闭式同业样例235,封闭式,对公,R4,90天,90,ev_peer_universe_PR0235,synthetic_weekly_snapshot,Synthetic peer product universe,scripts/generate_weekly_report_universe.py,2025-04-04T10:00:00Z,2025-04-04,0,medium,weekly_snapshot_generator.v2
PR0236,最短持有期型同业样例236,最短持有期型,直销,R3,120天,120,ev_peer_universe_PR0236,synthetic_weekly_snapshot,Synthetic peer product universe,scripts/generate_weekly_report_universe.py,2025-04-04T10:00:00Z,2025-04-04,0,medium,weekly_snapshot_generator.v2
PR0237,日开型同业样例237,日开型,百信,R2,180天,180,ev_peer_universe_PR0237,synthetic_weekly_snapshot,Synthetic peer product universe,scripts/generate_weekly_report_universe.py,2025-04-04T10:00:00Z,2025-04-04,0,medium,weekly_snapshot_generator.v2
PR0238,纯固收同业样例238,纯固收,交行,R2,270天,270,ev_peer_universe_PR0238,synthetic_weekly_snapshot,Synthetic peer product universe,scripts/generate_weekly_report_universe.py,2025-04-04T10:00:00Z,2025-04-04,0,medium,weekly_snapshot_generator.v2
PR0239,固收增强同业样例239,固收增强,厦门银行,R3,360天,360,ev_peer_universe_PR0239,synthetic_weekly_snapshot,Synthetic peer product universe,scripts/generate_weekly_report_universe.py,2025-04-04T10:00:00Z,2025-04-04,0,medium,weekly_snapshot_generator.v2
PR0240,多资产同业样例240,多资产,邮惠万家,R4,1年封闭,365,ev_peer_universe_PR0240,synthetic_weekly_snapshot,Synthetic peer product universe,scripts/generate_weekly_report_universe.py,2025-04-04T10:00:00Z,2025-04-04,0,medium,weekly_snapshot_generator.v2
PR0241,混合类同业样例241,混合类,个金,R3,日开,1,ev_peer_universe_PR0241,synthetic_weekly_snapshot,Synthetic peer product universe,scripts/generate_weekly_report_universe.py,2025-04-04T10:00:00Z,2025-04-04,0,medium,weekly_snapshot_generator.v2
PR0242,QDII同业样例242,QDII,私银,R5,7天,7,ev_peer_universe_PR0242,synthetic_weekly_snapshot,Synthetic peer product universe,scripts/generate_weekly_report_universe.py,2025-04-04T10:00:00Z,2025-04-04,0,medium,weekly_snapshot_generator.v2
PR0243,现金管理同业样例243,现金管理,对公,R1,14天,14,ev_peer_universe_PR0243,synthetic_weekly_snapshot,Synthetic peer product universe,scripts/generate_weekly_report_universe.py,2025-04-04T10:00:00Z,2025-04-04,0,medium,weekly_snapshot_generator.v2
PR0244,封闭式同业样例244,封闭式,直销,R4,21天,21,ev_peer_universe_PR0244,synthetic_weekly_snapshot,Synthetic peer product universe,scripts/generate_weekly_report_universe.py,2025-04-04T10:00:00Z,2025-04-04,0,medium,weekly_snapshot_generator.v2
PR0245,最短持有期型同业样例245,最短持有期型,百信,R3,30天,30,ev_peer_universe_PR0245,synthetic_weekly_snapshot,Synthetic peer product universe,scripts/generate_weekly_report_universe.py,2025-04-04T10:00:00Z,2025-04-04,0,medium,weekly_snapshot_generator.v2
PR0246,日开型同业样例246,日开型,交行,R1,60天,60,ev_peer_universe_PR0246,synthetic_weekly_snapshot,Synthetic peer product universe,scripts/generate_weekly_report_universe.py,2025-04-04T10:00:00Z,2025-04-04,0,medium,weekly_snapshot_generator.v2
PR0247,纯固收同业样例247,纯固收,厦门银行,R2,90天,90,ev_peer_universe_PR0247,synthetic_weekly_snapshot,Synthetic peer product universe,scripts/generate_weekly_report_universe.py,2025-04-04T10:00:00Z,2025-04-04,0,medium,weekly_snapshot_generator.v2
PR0248,固收增强同业样例248,固收增强,邮惠万家,R2,120天,120,ev_peer_universe_PR0248,synthetic_weekly_snapshot,Synthetic peer product universe,scripts/generate_weekly_report_universe.py,2025-04-04T10:00:00Z,2025-04-04,0,medium,weekly_snapshot_generator.v2
PR0249,多资产同业样例249,多资产,个金,R4,180天,180,ev_peer_universe_PR0249,synthetic_weekly_snapshot,Synthetic peer product universe,scripts/generate_weekly_report_universe.py,2025-04-04T10:00:00Z,2025-04-04,0,medium,weekly_snapshot_generator.v2
PR0250,混合类同业样例250,混合类,私银,R3,270天,270,ev_peer_universe_PR0250,synthetic_weekly_snapshot,Synthetic peer product universe,scripts/generate_weekly_report_universe.py,2025-04-04T10:00:00Z,2025-04-04,0,medium,weekly_snapshot_generator.v2
PR0251,QDII同业样例251,QDII,对公,R3,360天,360,ev_peer_universe_PR0251,synthetic_weekly_snapshot,Synthetic peer product universe,scripts/generate_weekly_report_universe.py,2025-04-04T10:00:00Z,2025-04-04,0,medium,weekly_snapshot_generator.v2
PR0252,现金管理同业样例252,现金管理,直销,R1,1年封闭,365,ev_peer_universe_PR0252,synthetic_weekly_snapshot,Synthetic peer product universe,scripts/generate_weekly_report_universe.py,2025-04-04T10:00:00Z,2025-04-04,0,medium,weekly_snapshot_generator.v2
PR0253,封闭式同业样例253,封闭式,百信,R2,日开,1,ev_peer_universe_PR0253,synthetic_weekly_snapshot,Synthetic peer product universe,scripts/generate_weekly_report_universe.py,2025-04-04T10:00:00Z,2025-04-04,0,medium,weekly_snapshot_generator.v2
PR0254,最短持有期型同业样例254,最短持有期型,交行,R2,7天,7,ev_peer_universe_PR0254,synthetic_weekly_snapshot,Synthetic peer product universe,scripts/generate_weekly_report_universe.py,2025-04-04T10:00:00Z,2025-04-04,0,medium,weekly_snapshot_generator.v2
PR0255,日开型同业样例255,日开型,厦门银行,R1,14天,14,ev_peer_universe_PR0255,synthetic_weekly_snapshot,Synthetic peer product universe,scripts/generate_weekly_report_universe.py,2025-04-04T10:00:00Z,2025-04-04,0,medium,weekly_snapshot_generator.v2
PR0256,纯固收同业样例256,纯固收,邮惠万家,R2,21天,21,ev_peer_universe_PR0256,synthetic_weekly_snapshot,Synthetic peer product universe,scripts/generate_weekly_report_universe.py,2025-04-04T10:00:00Z,2025-04-04,0,medium,weekly_snapshot_generator.v2
PR0257,固收增强同业样例257,固收增强,个金,R3,30天,30,ev_peer_universe_PR0257,synthetic_weekly_snapshot,Synthetic peer product universe,scripts/generate_weekly_report_universe.py,2025-04-04T10:00:00Z,2025-04-04,0,medium,weekly_snapshot_generator.v2
PR0258,多资产同业样例258,多资产,私银,R3,60天,60,ev_peer_universe_PR0258,synthetic_weekly_snapshot,Synthetic peer product universe,scripts/generate_weekly_report_universe.py,2025-04-04T10:00:00Z,2025-04-04,0,medium,weekly_snapshot_generator.v2
PR0259,混合类同业样例259,混合类,对公,R4,90天,90,ev_peer_universe_PR0259,synthetic_weekly_snapshot,Synthetic peer product universe,scripts/generate_weekly_report_universe.py,2025-04-04T10:00:00Z,2025-04-04,0,medium,weekly_snapshot_generator.v2
PR0260,QDII同业样例260,QDII,直销,R5,120天,120,ev_peer_universe_PR0260,synthetic_weekly_snapshot,Synthetic peer product universe,scripts/generate_weekly_report_universe.py,2025-04-04T10:00:00Z,2025-04-04,0,medium,weekly_snapshot_generator.v2
PR0261,现金管理同业样例261,现金管理,百信,R1,180天,180,ev_peer_universe_PR0261,synthetic_weekly_snapshot,Synthetic peer product universe,scripts/generate_weekly_report_universe.py,2025-04-04T10:00:00Z,2025-04-04,0,medium,weekly_snapshot_generator.v2
PR0262,封闭式同业样例262,封闭式,交行,R2,270天,270,ev_peer_universe_PR0262,synthetic_weekly_snapshot,Synthetic peer product universe,scripts/generate_weekly_report_universe.py,2025-04-04T10:00:00Z,2025-04-04,0,medium,weekly_snapshot_generator.v2
PR0263,最短持有期型同业样例263,最短持有期型,厦门银行,R3,360天,360,ev_peer_universe_PR0263,synthetic_weekly_snapshot,Synthetic peer product universe,scripts/generate_weekly_report_universe.py,2025-04-04T10:00:00Z,2025-04-04,0,medium,weekly_snapshot_generator.v2
PR0264,日开型同业样例264,日开型,邮惠万家,R1,1年封闭,365,ev_peer_universe_PR0264,synthetic_weekly_snapshot,Synthetic peer product universe,scripts/generate_weekly_report_universe.py,2025-04-04T10:00:00Z,2025-04-04,0,medium,weekly_snapshot_generator.v2
PR0265,纯固收同业样例265,纯固收,个金,R2,日开,1,ev_peer_universe_PR0265,synthetic_weekly_snapshot,Synthetic peer product universe,scripts/generate_weekly_report_universe.py,2025-04-04T10:00:00Z,2025-04-04,0,medium,weekly_snapshot_generator.v2
PR0266,固收增强同业样例266,固收增强,私银,R2,7天,7,ev_peer_universe_PR0266,synthetic_weekly_snapshot,Synthetic peer product universe,scripts/generate_weekly_report_universe.py,2025-04-04T10:00:00Z,2025-04-04,0,medium,weekly_snapshot_generator.v2
PR0267,多资产同业样例267,多资产,对公,R3,14天,14,ev_peer_universe_PR0267,synthetic_weekly_snapshot,Synthetic peer product universe,scripts/generate_weekly_report_universe.py,2025-04-04T10:00:00Z,2025-04-04,0,medium,weekly_snapshot_generator.v2
PR0268,混合类同业样例268,混合类,直销,R3,21天,21,ev_peer_universe_PR0268,synthetic_weekly_snapshot,Synthetic peer product universe,scripts/generate_weekly_report_universe.py,2025-04-04T10:00:00Z,2025-04-04,0,medium,weekly_snapshot_generator.v2
PR0269,QDII同业样例269,QDII,百信,R3,30天,30,ev_peer_universe_PR0269,synthetic_weekly_snapshot,Synthetic peer product universe,scripts/generate_weekly_report_universe.py,2025-04-04T10:00:00Z,2025-04-04,0,medium,weekly_snapshot_generator.v2
PR0270,现金管理同业样例270,现金管理,交行,R1,60天,60,ev_peer_universe_PR0270,synthetic_weekly_snapshot,Synthetic peer product universe,scripts/generate_weekly_report_universe.py,2025-04-04T10:00:00Z,2025-04-04,0,medium,weekly_snapshot_generator.v2
PR0271,封闭式同业样例271,封闭式,厦门银行,R3,90天,90,ev_peer_universe_PR0271,synthetic_weekly_snapshot,Synthetic peer product universe,scripts/generate_weekly_report_universe.py,2025-04-04T10:00:00Z,2025-04-04,0,medium,weekly_snapshot_generator.v2
PR0272,最短持有期型同业样例272,最短持有期型,邮惠万家,R3,120天,120,ev_peer_universe_PR0272,synthetic_weekly_snapshot,Synthetic peer product universe,scripts/generate_weekly_report_universe.py,2025-04-04T10:00:00Z,2025-04-04,0,medium,weekly_snapshot_generator.v2
PR0273,日开型同业样例273,日开型,个金,R2,180天,180,ev_peer_universe_PR0273,synthetic_weekly_snapshot,Synthetic peer product universe,scripts/generate_weekly_report_universe.py,2025-04-04T10:00:00Z,2025-04-04,0,medium,weekly_snapshot_generator.v2
PR0274,纯固收同业样例274,纯固收,私银,R2,270天,270,ev_peer_universe_PR0274,synthetic_weekly_snapshot,Synthetic peer product universe,scripts/generate_weekly_report_universe.py,2025-04-04T10:00:00Z,2025-04-04,0,medium,weekly_snapshot_generator.v2
PR0275,固收增强同业样例275,固收增强,对公,R3,360天,360,ev_peer_universe_PR0275,synthetic_weekly_snapshot,Synthetic peer product universe,scripts/generate_weekly_report_universe.py,2025-04-04T10:00:00Z,2025-04-04,0,medium,weekly_snapshot_generator.v2
PR0276,多资产同业样例276,多资产,直销,R3,1年封闭,365,ev_peer_universe_PR0276,synthetic_weekly_snapshot,Synthetic peer product universe,scripts/generate_weekly_report_universe.py,2025-04-04T10:00:00Z,2025-04-04,0,medium,weekly_snapshot_generator.v2
PR0277,混合类同业样例277,混合类,百信,R4,日开,1,ev_peer_universe_PR0277,synthetic_weekly_snapshot,Synthetic peer product universe,scripts/generate_weekly_report_universe.py,2025-04-04T10:00:00Z,2025-04-04,0,medium,weekly_snapshot_generator.v2
PR0278,QDII同业样例278,QDII,交行,R3,7天,7,ev_peer_universe_PR0278,synthetic_weekly_snapshot,Synthetic peer product universe,scripts/generate_weekly_report_universe.py,2025-04-04T10:00:00Z,2025-04-04,0,medium,weekly_snapshot_generator.v2
PR0279,现金管理同业样例279,现金管理,厦门银行,R1,14天,14,ev_peer_universe_PR0279,synthetic_weekly_snapshot,Synthetic peer product universe,scripts/generate_weekly_report_universe.py,2025-04-04T10:00:00Z,2025-04-04,0,medium,weekly_snapshot_generator.v2
PR0280,封闭式同业样例280,封闭式,邮惠万家,R4,21天,21,ev_peer_universe_PR0280,synthetic_weekly_snapshot,Synthetic peer product universe,scripts/generate_weekly_report_universe.py,2025-04-04T10:00:00Z,2025-04-04,0,medium,weekly_snapshot_generator.v2
PR0281,最短持有期型同业样例281,最短持有期型,个金,R3,30天,30,ev_peer_universe_PR0281,synthetic_weekly_snapshot,Synthetic peer product universe,scripts/generate_weekly_report_universe.py,2025-04-04T10:00:00Z,2025-04-04,0,medium,weekly_snapshot_generator.v2
PR0282,日开型同业样例282,日开型,私银,R2,60天,60,ev_peer_universe_PR0282,synthetic_weekly_snapshot,Synthetic peer product universe,scripts/generate_weekly_report_universe.py,2025-04-04T10:00:00Z,2025-04-04,0,medium,weekly_snapshot_generator.v2
PR0283,纯固收同业样例283,纯固收,对公,R2,90天,90,ev_peer_universe_PR0283,synthetic_weekly_snapshot,Synthetic peer product universe,scripts/generate_weekly_report_universe.py,2025-04-04T10:00:00Z,2025-04-04,0,medium,weekly_snapshot_generator.v2
PR0284,固收增强同业样例284,固收增强,直销,R2,120天,120,ev_peer_universe_PR0284,synthetic_weekly_snapshot,Synthetic peer product universe,scripts/generate_weekly_report_universe.py,2025-04-04T10:00:00Z,2025-04-04,0,medium,weekly_snapshot_generator.v2
PR0285,多资产同业样例285,多资产,百信,R3,180天,180,ev_peer_universe_PR0285,synthetic_weekly_snapshot,Synthetic peer product universe,scripts/generate_weekly_report_universe.py,2025-04-04T10:00:00Z,2025-04-04,0,medium,weekly_snapshot_generator.v2
PR0286,混合类同业样例286,混合类,交行,R4,270天,270,ev_peer_universe_PR0286,synthetic_weekly_snapshot,Synthetic peer product universe,scripts/generate_weekly_report_universe.py,2025-04-04T10:00:00Z,2025-04-04,0,medium,weekly_snapshot_generator.v2
PR0287,QDII同业样例287,QDII,厦门银行,R3,360天,360,ev_peer_universe_PR0287,synthetic_weekly_snapshot,Synthetic peer product universe,scripts/generate_weekly_report_universe.py,2025-04-04T10:00:00Z,2025-04-04,0,medium,weekly_snapshot_generator.v2
PR0288,现金管理同业样例288,现金管理,邮惠万家,R1,1年封闭,365,ev_peer_universe_PR0288,synthetic_weekly_snapshot,Synthetic peer product universe,scripts/generate_weekly_report_universe.py,2025-04-04T10:00:00Z,2025-04-04,0,medium,weekly_snapshot_generator.v2
PR0289,纯固收同业样例289,纯固收,个金,R2,日开,1,ev_peer_universe_PR0289,synthetic_weekly_snapshot,Synthetic peer product universe,scripts/generate_weekly_report_universe.py,2025-04-04T10:00:00Z,2025-04-04,0,medium,weekly_snapshot_generator.v2
PR0290,固收增强同业样例290,固收增强,私银,R2,7天,7,ev_peer_universe_PR0290,synthetic_weekly_snapshot,Synthetic peer product universe,scripts/generate_weekly_report_universe.py,2025-04-04T10:00:00Z,2025-04-04,0,medium,weekly_snapshot_generator.v2
PR0291,多资产同业样例291,多资产,对公,R4,14天,14,ev_peer_universe_PR0291,synthetic_weekly_snapshot,Synthetic peer product universe,scripts/generate_weekly_report_universe.py,2025-04-04T10:00:00Z,2025-04-04,0,medium,weekly_snapshot_generator.v2
PR0292,混合类同业样例292,混合类,直销,R3,21天,21,ev_peer_universe_PR0292,synthetic_weekly_snapshot,Synthetic peer product universe,scripts/generate_weekly_report_universe.py,2025-04-04T10:00:00Z,2025-04-04,0,medium,weekly_snapshot_generator.v2
PR0293,QDII同业样例293,QDII,百信,R5,30天,30,ev_peer_universe_PR0293,synthetic_weekly_snapshot,Synthetic peer product universe,scripts/generate_weekly_report_universe.py,2025-04-04T10:00:00Z,2025-04-04,0,medium,weekly_snapshot_generator.v2
PR0294,现金管理同业样例294,现金管理,交行,R1,60天,60,ev_peer_universe_PR0294,synthetic_weekly_snapshot,Synthetic peer product universe,scripts/generate_weekly_report_universe.py,2025-04-04T10:00:00Z,2025-04-04,0,medium,weekly_snapshot_generator.v2
PR0295,封闭式同业样例295,封闭式,厦门银行,R4,90天,90,ev_peer_universe_PR0295,synthetic_weekly_snapshot,Synthetic peer product universe,scripts/generate_weekly_report_universe.py,2025-04-04T10:00:00Z,2025-04-04,0,medium,weekly_snapshot_generator.v2
PR0296,最短持有期型同业样例296,最短持有期型,邮惠万家,R2,120天,120,ev_peer_universe_PR0296,synthetic_weekly_snapshot,Synthetic peer product universe,scripts/generate_weekly_report_universe.py,2025-04-04T10:00:00Z,2025-04-04,0,medium,weekly_snapshot_generator.v2
PR0297,日开型同业样例297,日开型,个金,R2,180天,180,ev_peer_universe_PR0297,synthetic_weekly_snapshot,Synthetic peer product universe,scripts/generate_weekly_report_universe.py,2025-04-04T10:00:00Z,2025-04-04,0,medium,weekly_snapshot_generator.v2
PR0298,纯固收同业样例298,纯固收,私银,R2,270天,270,ev_peer_universe_PR0298,synthetic_weekly_snapshot,Synthetic peer product universe,scripts/generate_weekly_report_universe.py,2025-04-04T10:00:00Z,2025-04-04,0,medium,weekly_snapshot_generator.v2
PR0299,固收增强同业样例299,固收增强,对公,R2,360天,360,ev_peer_universe_PR0299,synthetic_weekly_snapshot,Synthetic peer product universe,scripts/generate_weekly_report_universe.py,2025-04-04T10:00:00Z,2025-04-04,0,medium,weekly_snapshot_generator.v2
PR0300,多资产同业样例300,多资产,直销,R3,1年封闭,365,ev_peer_universe_PR0300,synthetic_weekly_snapshot,Synthetic peer product universe,scripts/generate_weekly_report_universe.py,2025-04-04T10:00:00Z,2025-04-04,0,medium,weekly_snapshot_generator.v2
PR0301,混合类同业样例301,混合类,百信,R4,日开,1,ev_peer_universe_PR0301,synthetic_weekly_snapshot,Synthetic peer product universe,scripts/generate_weekly_report_universe.py,2025-04-04T10:00:00Z,2025-04-04,0,medium,weekly_snapshot_generator.v2
PR0302,QDII同业样例302,QDII,交行,R4,7天,7,ev_peer_universe_PR0302,synthetic_weekly_snapshot,Synthetic peer product universe,scripts/generate_weekly_report_universe.py,2025-04-04T10:00:00Z,2025-04-04,0,medium,weekly_snapshot_generator.v2
PR0303,现金管理同业样例303,现金管理,厦门银行,R1,14天,14,ev_peer_universe_PR0303,synthetic_weekly_snapshot,Synthetic peer product universe,scripts/generate_weekly_report_universe.py,2025-04-04T10:00:00Z,2025-04-04,0,medium,weekly_snapshot_generator.v2
PR0304,封闭式同业样例304,封闭式,邮惠万家,R3,21天,21,ev_peer_universe_PR0304,synthetic_weekly_snapshot,Synthetic peer product universe,scripts/generate_weekly_report_universe.py,2025-04-04T10:00:00Z,2025-04-04,0,medium,weekly_snapshot_generator.v2
PR0305,最短持有期型同业样例305,最短持有期型,个金,R3,30天,30,ev_peer_universe_PR0305,synthetic_weekly_snapshot,Synthetic peer product universe,scripts/generate_weekly_report_universe.py,2025-04-04T10:00:00Z,2025-04-04,0,medium,weekly_snapshot_generator.v2
PR0306,日开型同业样例306,日开型,私银,R2,60天,60,ev_peer_universe_PR0306,synthetic_weekly_snapshot,Synthetic peer product universe,scripts/generate_weekly_report_universe.py,2025-04-04T10:00:00Z,2025-04-04,0,medium,weekly_snapshot_generator.v2
PR0307,纯固收同业样例307,纯固收,对公,R2,90天,90,ev_peer_universe_PR0307,synthetic_weekly_snapshot,Synthetic peer product universe,scripts/generate_weekly_report_universe.py,2025-04-04T10:00:00Z,2025-04-04,0,medium,weekly_snapshot_generator.v2
PR0308,固收增强同业样例308,固收增强,直销,R2,120天,120,ev_peer_universe_PR0308,synthetic_weekly_snapshot,Synthetic peer product universe,scripts/generate_weekly_report_universe.py,2025-04-04T10:00:00Z,2025-04-04,0,medium,weekly_snapshot_generator.v2
PR0309,多资产同业样例309,多资产,百信,R3,180天,180,ev_peer_universe_PR0309,synthetic_weekly_snapshot,Synthetic peer product universe,scripts/generate_weekly_report_universe.py,2025-04-04T10:00:00Z,2025-04-04,0,medium,weekly_snapshot_generator.v2
PR0310,混合类同业样例310,混合类,交行,R3,270天,270,ev_peer_universe_PR0310,synthetic_weekly_snapshot,Synthetic peer product universe,scripts/generate_weekly_report_universe.py,2025-04-04T10:00:00Z,2025-04-04,0,medium,weekly_snapshot_generator.v2
PR0311,QDII同业样例311,QDII,厦门银行,R3,360天,360,ev_peer_universe_PR0311,synthetic_weekly_snapshot,Synthetic peer product universe,scripts/generate_weekly_report_universe.py,2025-04-04T10:00:00Z,2025-04-04,0,medium,weekly_snapshot_generator.v2
PR0312,现金管理同业样例312,现金管理,邮惠万家,R1,1年封闭,365,ev_peer_universe_PR0312,synthetic_weekly_snapshot,Synthetic peer product universe,scripts/generate_weekly_report_universe.py,2025-04-04T10:00:00Z,2025-04-04,0,medium,weekly_snapshot_generator.v2
PR0313,封闭式同业样例313,封闭式,个金,R2,日开,1,ev_peer_universe_PR0313,synthetic_weekly_snapshot,Synthetic peer product universe,scripts/generate_weekly_report_universe.py,2025-04-04T10:00:00Z,2025-04-04,0,medium,weekly_snapshot_generator.v2
PR0314,最短持有期型同业样例314,最短持有期型,私银,R3,7天,7,ev_peer_universe_PR0314,synthetic_weekly_snapshot,Synthetic peer product universe,scripts/generate_weekly_report_universe.py,2025-04-04T10:00:00Z,2025-04-04,0,medium,weekly_snapshot_generator.v2
PR0315,日开型同业样例315,日开型,对公,R1,14天,14,ev_peer_universe_PR0315,synthetic_weekly_snapshot,Synthetic peer product universe,scripts/generate_weekly_report_universe.py,2025-04-04T10:00:00Z,2025-04-04,0,medium,weekly_snapshot_generator.v2
PR0316,纯固收同业样例316,纯固收,直销,R2,21天,21,ev_peer_universe_PR0316,synthetic_weekly_snapshot,Synthetic peer product universe,scripts/generate_weekly_report_universe.py,2025-04-04T10:00:00Z,2025-04-04,0,medium,weekly_snapshot_generator.v2
PR0317,固收增强同业样例317,固收增强,百信,R3,30天,30,ev_peer_universe_PR0317,synthetic_weekly_snapshot,Synthetic peer product universe,scripts/generate_weekly_report_universe.py,2025-04-04T10:00:00Z,2025-04-04,0,medium,weekly_snapshot_generator.v2
PR0318,多资产同业样例318,多资产,交行,R3,60天,60,ev_peer_universe_PR0318,synthetic_weekly_snapshot,Synthetic peer product universe,scripts/generate_weekly_report_universe.py,2025-04-04T10:00:00Z,2025-04-04,0,medium,weekly_snapshot_generator.v2
PR0319,混合类同业样例319,混合类,厦门银行,R3,90天,90,ev_peer_universe_PR0319,synthetic_weekly_snapshot,Synthetic peer product universe,scripts/generate_weekly_report_universe.py,2025-04-04T10:00:00Z,2025-04-04,0,medium,weekly_snapshot_generator.v2
PR0320,QDII同业样例320,QDII,邮惠万家,R4,120天,120,ev_peer_universe_PR0320,synthetic_weekly_snapshot,Synthetic peer product universe,scripts/generate_weekly_report_universe.py,2025-04-04T10:00:00Z,2025-04-04,0,medium,weekly_snapshot_generator.v2
PR0321,现金管理同业样例321,现金管理,个金,R1,180天,180,ev_peer_universe_PR0321,synthetic_weekly_snapshot,Synthetic peer product universe,scripts/generate_weekly_report_universe.py,2025-04-04T10:00:00Z,2025-04-04,0,medium,weekly_snapshot_generator.v2
PR0322,封闭式同业样例322,封闭式,私银,R2,270天,270,ev_peer_universe_PR0322,synthetic_weekly_snapshot,Synthetic peer product universe,scripts/generate_weekly_report_universe.py,2025-04-04T10:00:00Z,2025-04-04,0,medium,weekly_snapshot_generator.v2
PR0323,最短持有期型同业样例323,最短持有期型,对公,R3,360天,360,ev_peer_universe_PR0323,synthetic_weekly_snapshot,Synthetic peer product universe,scripts/generate_weekly_report_universe.py,2025-04-04T10:00:00Z,2025-04-04,0,medium,weekly_snapshot_generator.v2
PR0324,日开型同业样例324,日开型,直销,R2,1年封闭,365,ev_peer_universe_PR0324,synthetic_weekly_snapshot,Synthetic peer product universe,scripts/generate_weekly_report_universe.py,2025-04-04T10:00:00Z,2025-04-04,0,medium,weekly_snapshot_generator.v2
PR0325,纯固收同业样例325,纯固收,百信,R2,日开,1,ev_peer_universe_PR0325,synthetic_weekly_snapshot,Synthetic peer product universe,scripts/generate_weekly_report_universe.py,2025-04-04T10:00:00Z,2025-04-04,0,medium,weekly_snapshot_generator.v2
PR0326,固收增强同业样例326,固收增强,交行,R2,7天,7,ev_peer_universe_PR0326,synthetic_weekly_snapshot,Synthetic peer product universe,scripts/generate_weekly_report_universe.py,2025-04-04T10:00:00Z,2025-04-04,0,medium,weekly_snapshot_generator.v2
PR0327,多资产同业样例327,多资产,厦门银行,R3,14天,14,ev_peer_universe_PR0327,synthetic_weekly_snapshot,Synthetic peer product universe,scripts/generate_weekly_report_universe.py,2025-04-04T10:00:00Z,2025-04-04,0,medium,weekly_snapshot_generator.v2
PR0328,混合类同业样例328,混合类,邮惠万家,R4,21天,21,ev_peer_universe_PR0328,synthetic_weekly_snapshot,Synthetic peer product universe,scripts/generate_weekly_report_universe.py,2025-04-04T10:00:00Z,2025-04-04,0,medium,weekly_snapshot_generator.v2
PR0329,QDII同业样例329,QDII,个金,R4,30天,30,ev_peer_universe_PR0329,synthetic_weekly_snapshot,Synthetic peer product universe,scripts/generate_weekly_report_universe.py,2025-04-04T10:00:00Z,2025-04-04,0,medium,weekly_snapshot_generator.v2
PR0330,现金管理同业样例330,现金管理,私银,R1,60天,60,ev_peer_universe_PR0330,synthetic_weekly_snapshot,Synthetic peer product universe,scripts/generate_weekly_report_universe.py,2025-04-04T10:00:00Z,2025-04-04,0,medium,weekly_snapshot_generator.v2
PR0331,封闭式同业样例331,封闭式,对公,R4,90天,90,ev_peer_universe_PR0331,synthetic_weekly_snapshot,Synthetic peer product universe,scripts/generate_weekly_report_universe.py,2025-04-04T10:00:00Z,2025-04-04,0,medium,weekly_snapshot_generator.v2
PR0332,最短持有期型同业样例332,最短持有期型,直销,R3,120天,120,ev_peer_universe_PR0332,synthetic_weekly_snapshot,Synthetic peer product universe,scripts/generate_weekly_report_universe.py,2025-04-04T10:00:00Z,2025-04-04,0,medium,weekly_snapshot_generator.v2
PR0333,日开型同业样例333,日开型,百信,R2,180天,180,ev_peer_universe_PR0333,synthetic_weekly_snapshot,Synthetic peer product universe,scripts/generate_weekly_report_universe.py,2025-04-04T10:00:00Z,2025-04-04,0,medium,weekly_snapshot_generator.v2
PR0334,纯固收同业样例334,纯固收,交行,R2,270天,270,ev_peer_universe_PR0334,synthetic_weekly_snapshot,Synthetic peer product universe,scripts/generate_weekly_report_universe.py,2025-04-04T10:00:00Z,2025-04-04,0,medium,weekly_snapshot_generator.v2
PR0335,固收增强同业样例335,固收增强,厦门银行,R3,360天,360,ev_peer_universe_PR0335,synthetic_weekly_snapshot,Synthetic peer product universe,scripts/generate_weekly_report_universe.py,2025-04-04T10:00:00Z,2025-04-04,0,medium,weekly_snapshot_generator.v2
PR0336,多资产同业样例336,多资产,邮惠万家,R4,1年封闭,365,ev_peer_universe_PR0336,synthetic_weekly_snapshot,Synthetic peer product universe,scripts/generate_weekly_report_universe.py,2025-04-04T10:00:00Z,2025-04-04,0,medium,weekly_snapshot_generator.v2
PR0337,混合类同业样例337,混合类,个金,R3,日开,1,ev_peer_universe_PR0337,synthetic_weekly_snapshot,Synthetic peer product universe,scripts/generate_weekly_report_universe.py,2025-04-04T10:00:00Z,2025-04-04,0,medium,weekly_snapshot_generator.v2
PR0338,QDII同业样例338,QDII,私银,R5,7天,7,ev_peer_universe_PR0338,synthetic_weekly_snapshot,Synthetic peer product universe,scripts/generate_weekly_report_universe.py,2025-04-04T10:00:00Z,2025-04-04,0,medium,weekly_snapshot_generator.v2
PR0339,现金管理同业样例339,现金管理,对公,R1,14天,14,ev_peer_universe_PR0339,synthetic_weekly_snapshot,Synthetic peer product universe,scripts/generate_weekly_report_universe.py,2025-04-04T10:00:00Z,2025-04-04,0,medium,weekly_snapshot_generator.v2
PR0340,封闭式同业样例340,封闭式,直销,R4,21天,21,ev_peer_universe_PR0340,synthetic_weekly_snapshot,Synthetic peer product universe,scripts/generate_weekly_report_universe.py,2025-04-04T10:00:00Z,2025-04-04,0,medium,weekly_snapshot_generator.v2
PR0341,最短持有期型同业样例341,最短持有期型,百信,R3,30天,30,ev_peer_universe_PR0341,synthetic_weekly_snapshot,Synthetic peer product universe,scripts/generate_weekly_report_universe.py,2025-04-04T10:00:00Z,2025-04-04,0,medium,weekly_snapshot_generator.v2
PR0342,日开型同业样例342,日开型,交行,R1,60天,60,ev_peer_universe_PR0342,synthetic_weekly_snapshot,Synthetic peer product universe,scripts/generate_weekly_report_universe.py,2025-04-04T10:00:00Z,2025-04-04,0,medium,weekly_snapshot_generator.v2
PR0343,纯固收同业样例343,纯固收,厦门银行,R2,90天,90,ev_peer_universe_PR0343,synthetic_weekly_snapshot,Synthetic peer product universe,scripts/generate_weekly_report_universe.py,2025-04-04T10:00:00Z,2025-04-04,0,medium,weekly_snapshot_generator.v2
PR0344,固收增强同业样例344,固收增强,邮惠万家,R2,120天,120,ev_peer_universe_PR0344,synthetic_weekly_snapshot,Synthetic peer product universe,scripts/generate_weekly_report_universe.py,2025-04-04T10:00:00Z,2025-04-04,0,medium,weekly_snapshot_generator.v2
PR0345,多资产同业样例345,多资产,个金,R4,180天,180,ev_peer_universe_PR0345,synthetic_weekly_snapshot,Synthetic peer product universe,scripts/generate_weekly_report_universe.py,2025-04-04T10:00:00Z,2025-04-04,0,medium,weekly_snapshot_generator.v2
PR0346,混合类同业样例346,混合类,私银,R3,270天,270,ev_peer_universe_PR0346,synthetic_weekly_snapshot,Synthetic peer product universe,scripts/generate_weekly_report_universe.py,2025-04-04T10:00:00Z,2025-04-04,0,medium,weekly_snapshot_generator.v2
PR0347,QDII同业样例347,QDII,对公,R3,360天,360,ev_peer_universe_PR0347,synthetic_weekly_snapshot,Synthetic peer product universe,scripts/generate_weekly_report_universe.py,2025-04-04T10:00:00Z,2025-04-04,0,medium,weekly_snapshot_generator.v2
PR0348,现金管理同业样例348,现金管理,直销,R1,1年封闭,365,ev_peer_universe_PR0348,synthetic_weekly_snapshot,Synthetic peer product universe,scripts/generate_weekly_report_universe.py,2025-04-04T10:00:00Z,2025-04-04,0,medium,weekly_snapshot_generator.v2
PR0349,封闭式同业样例349,封闭式,百信,R2,日开,1,ev_peer_universe_PR0349,synthetic_weekly_snapshot,Synthetic peer product universe,scripts/generate_weekly_report_universe.py,2025-04-04T10:00:00Z,2025-04-04,0,medium,weekly_snapshot_generator.v2
PR0350,最短持有期型同业样例350,最短持有期型,交行,R2,7天,7,ev_peer_universe_PR0350,synthetic_weekly_snapshot,Synthetic peer product universe,scripts/generate_weekly_report_universe.py,2025-04-04T10:00:00Z,2025-04-04,0,medium,weekly_snapshot_generator.v2
PR0351,日开型同业样例351,日开型,厦门银行,R1,14天,14,ev_peer_universe_PR0351,synthetic_weekly_snapshot,Synthetic peer product universe,scripts/generate_weekly_report_universe.py,2025-04-04T10:00:00Z,2025-04-04,0,medium,weekly_snapshot_generator.v2
PR0352,纯固收同业样例352,纯固收,邮惠万家,R2,21天,21,ev_peer_universe_PR0352,synthetic_weekly_snapshot,Synthetic peer product universe,scripts/generate_weekly_report_universe.py,2025-04-04T10:00:00Z,2025-04-04,0,medium,weekly_snapshot_generator.v2
PR0353,固收增强同业样例353,固收增强,个金,R3,30天,30,ev_peer_universe_PR0353,synthetic_weekly_snapshot,Synthetic peer product universe,scripts/generate_weekly_report_universe.py,2025-04-04T10:00:00Z,2025-04-04,0,medium,weekly_snapshot_generator.v2
PR0354,多资产同业样例354,多资产,私银,R3,60天,60,ev_peer_universe_PR0354,synthetic_weekly_snapshot,Synthetic peer product universe,scripts/generate_weekly_report_universe.py,2025-04-04T10:00:00Z,2025-04-04,0,medium,weekly_snapshot_generator.v2
PR0355,混合类同业样例355,混合类,对公,R4,90天,90,ev_peer_universe_PR0355,synthetic_weekly_snapshot,Synthetic peer product universe,scripts/generate_weekly_report_universe.py,2025-04-04T10:00:00Z,2025-04-04,0,medium,weekly_snapshot_generator.v2
PR0356,QDII同业样例356,QDII,直销,R5,120天,120,ev_peer_universe_PR0356,synthetic_weekly_snapshot,Synthetic peer product universe,scripts/generate_weekly_report_universe.py,2025-04-04T10:00:00Z,2025-04-04,0,medium,weekly_snapshot_generator.v2
PR0357,现金管理同业样例357,现金管理,百信,R1,180天,180,ev_peer_universe_PR0357,synthetic_weekly_snapshot,Synthetic peer product universe,scripts/generate_weekly_report_universe.py,2025-04-04T10:00:00Z,2025-04-04,0,medium,weekly_snapshot_generator.v2
PR0358,封闭式同业样例358,封闭式,交行,R2,270天,270,ev_peer_universe_PR0358,synthetic_weekly_snapshot,Synthetic peer product universe,scripts/generate_weekly_report_universe.py,2025-04-04T10:00:00Z,2025-04-04,0,medium,weekly_snapshot_generator.v2
PR0359,最短持有期型同业样例359,最短持有期型,厦门银行,R3,360天,360,ev_peer_universe_PR0359,synthetic_weekly_snapshot,Synthetic peer product universe,scripts/generate_weekly_report_universe.py,2025-04-04T10:00:00Z,2025-04-04,0,medium,weekly_snapshot_generator.v2
PR0360,日开型同业样例360,日开型,邮惠万家,R1,1年封闭,365,ev_peer_universe_PR0360,synthetic_weekly_snapshot,Synthetic peer product universe,scripts/generate_weekly_report_universe.py,2025-04-04T10:00:00Z,2025-04-04,0,medium,weekly_snapshot_generator.v2
