report_date,product_code,product_name,product_series,product_type,channel,risk_level,open_type,holding_period_days,inception_date,running_days,product_scale_bn,scale_wow_bn,scale_mom_bn,latest_nav,daily_nav_change_bp,since_inception_annual_return,return_1m,return_3m,return_6m,return_1y,return_ytd,max_drawdown,volatility,sharpe,benchmark_lower,benchmark_upper,benchmark_status,evidence_id,source_type,source_name,source_url_or_file,fetched_at,as_of_date,staleness_days,confidence_level,parser_version
2025-04-11,WP0001,现金优选纯固收样例001,多元配置,纯固收,个金,R2,日开,1,2024-02-16T00:00:00,413,7.6632,0.1105,-0.0058,1.021646,-4.32,0.025043,7.1e-05,-0.000741,0.002588,0.019757,-0.001164,-0.018389,0.016648,0.302898,0.0236,0.0384,in_range,ev_live_snapshot_WP0001_20250411,synthetic_weekly_snapshot,Synthetic next-week product snapshot,scripts/generate_next_week_snapshot.py,2026-05-24T21:52:57+00:00,2025-04-11,408,medium,next_week_generator.v1
2025-04-11,WP0002,封闭精选固收增强样例002,多元配置,固收增强,私银,R2,7天,7,2022-05-27T00:00:00,1043,4.3712,-0.1681,0.2054,1.10453,0.35,0.139717,3.4e-05,0.028194,0.012634,0.136206,0.010557,-0.015946,0.050464,2.372326,0.0357,0.0483,above_upper,ev_live_snapshot_WP0002_20250411,synthetic_weekly_snapshot,Synthetic next-week product snapshot,scripts/generate_next_week_snapshot.py,2026-05-24T21:52:57+00:00,2025-04-11,408,medium,next_week_generator.v1
2025-04-11,WP0003,持有期增强多资产样例003,持有期增强,多资产,对公,R4,14天,14,2023-01-27T00:00:00,798,17.4521,-0.0241,0.1769,1.062654,-13.14,0.102232,-0.010622,0.029358,0.017388,0.103163,0.022836,-0.03455,0.090207,0.91159,0.0392,0.0648,above_upper,ev_live_snapshot_WP0003_20250411,synthetic_weekly_snapshot,Synthetic next-week product snapshot,scripts/generate_next_week_snapshot.py,2026-05-24T21:52:57+00:00,2025-04-11,408,medium,next_week_generator.v1
2025-04-11,WP0004,悦享固收混合类样例004,现金优选,混合类,直销,R3,21天,21,2023-05-12T00:00:00,693,17.184,-0.0258,-0.006,1.039382,-1.99,0.065912,-0.028881,-0.009609,0.000523,0.065763,-0.061911,-0.070518,0.110661,0.414892,0.0432,0.0668,in_range,ev_live_snapshot_WP0004_20250411,synthetic_weekly_snapshot,Synthetic next-week product snapshot,scripts/generate_next_week_snapshot.py,2026-05-24T21:52:57+00:00,2025-04-11,408,medium,next_week_generator.v1
2025-04-11,WP0005,全球配置QDII样例005,现金优选,QDII,百信,R5,30天,30,2022-06-03T00:00:00,1036,16.0866,-0.1498,-0.07,1.119486,-7.63,0.06236,0.012782,0.051055,0.1021,0.059722,0.022454,-0.1062,0.118319,0.358019,0.0437,0.0723,in_range,ev_live_snapshot_WP0005_20250411,synthetic_weekly_snapshot,Synthetic next-week product snapshot,scripts/generate_next_week_snapshot.py,2026-05-24T21:52:57+00:00,2025-04-11,408,medium,next_week_generator.v1
2025-04-11,WP0006,稳健添利现金管理样例006,封闭精选,现金管理,交行,R1,60天,60,2022-01-21T00:00:00,1169,33.4928,0.0366,-0.0698,1.024423,9.19,0.016178,0.000163,-0.000172,0.007164,0.014847,0.000619,-0.002157,0.004696,-0.813929,0.0046,0.0314,in_range,ev_live_snapshot_WP0006_20250411,synthetic_weekly_snapshot,Synthetic next-week product snapshot,scripts/generate_next_week_snapshot.py,2026-05-24T21:52:57+00:00,2025-04-11,408,medium,next_week_generator.v1
2025-04-11,WP0007,封闭精选封闭式样例007,悦享固收,封闭式,厦门银行,R4,90天,90,2022-11-25T00:00:00,861,22.1237,-0.2043,-0.1366,0.964115,-3.84,0.001032,0.002673,0.005985,-0.000601,0.003565,0.01072,-0.040714,0.070905,-0.267508,0.0253,0.0547,below_lower,ev_live_snapshot_WP0007_20250411,synthetic_weekly_snapshot,Synthetic next-week product snapshot,scripts/generate_next_week_snapshot.py,2026-05-24T21:52:57+00:00,2025-04-11,408,medium,next_week_generator.v1
2025-04-11,WP0008,全球配置最短持有期型样例008,全球配置,最短持有期型,邮惠万家,R2,120天,120,2022-10-07T00:00:00,910,11.3532,-0.1411,0.2368,1.01682,-0.12,0.010493,-0.000388,-0.000856,-0.000134,0.009236,0.004027,-0.015145,0.028108,-0.338221,0.0181,0.0539,below_lower,ev_live_snapshot_WP0008_20250411,synthetic_weekly_snapshot,Synthetic next-week product snapshot,scripts/generate_next_week_snapshot.py,2026-05-24T21:52:57+00:00,2025-04-11,408,medium,next_week_generator.v1
2025-04-11,WP0009,封闭精选日开型样例009,持有期增强,日开型,个金,R2,180天,180,2022-06-03T00:00:00,1036,16.3602,0.1583,-0.1198,1.021681,14.29,0.011976,0.004079,0.012546,0.003659,0.011416,0.003248,-0.010612,0.006903,-1.162289,0.0109,0.0331,in_range,ev_live_snapshot_WP0009_20250411,synthetic_weekly_snapshot,Synthetic next-week product snapshot,scripts/generate_next_week_snapshot.py,2026-05-24T21:52:57+00:00,2025-04-11,408,medium,next_week_generator.v1
2025-04-11,WP0010,稳健添利纯固收样例010,悦享固收,纯固收,私银,R2,270天,270,2023-12-15T00:00:00,476,26.2923,0.2791,0.3739,1.061477,12.91,0.054905,0.006294,0.01381,0.014988,0.055611,0.001193,-0.010304,0.017175,2.032332,0.0175,0.0445,above_upper,ev_live_snapshot_WP0010_20250411,synthetic_weekly_snapshot,Synthetic next-week product snapshot,scripts/generate_next_week_snapshot.py,2026-05-24T21:52:57+00:00,2025-04-11,408,medium,next_week_generator.v1
2025-04-11,WP0011,多元配置固收增强样例011,悦享固收,固收增强,对公,R2,360天,360,2022-03-25T00:00:00,1106,21.2309,0.0242,-0.1526,1.032484,4.67,0.03429,0.006032,0.008614,0.038594,0.032567,0.018146,-0.026548,0.0348,0.410642,0.0265,0.0575,in_range,ev_live_snapshot_WP0011_20250411,synthetic_weekly_snapshot,Synthetic next-week product snapshot,scripts/generate_next_week_snapshot.py,2026-05-24T21:52:57+00:00,2025-04-11,408,medium,next_week_generator.v1
2025-04-11,WP0012,悦享固收多资产样例012,封闭精选,多资产,直销,R3,1年封闭,365,2023-07-07T00:00:00,637,0.9234,0.2253,-0.0876,1.055249,4.0,0.04127,0.007044,-0.044448,0.002359,0.04287,0.007019,-0.065057,0.064956,0.327443,0.0382,0.0658,in_range,ev_live_snapshot_WP0012_20250411,synthetic_weekly_snapshot,Synthetic next-week product snapshot,scripts/generate_next_week_snapshot.py,2026-05-24T21:52:57+00:00,2025-04-11,408,medium,next_week_generator.v1
2025-04-11,WP0013,悦享固收混合类样例013,持有期增强,混合类,百信,R4,日开,1,2022-10-28T00:00:00,889,6.9944,0.1467,0.3736,1.006237,2.91,0.043447,-0.022554,-0.007226,-0.027834,0.03927,0.002621,-0.071991,0.092253,0.254161,0.0385,0.0715,in_range,ev_live_snapshot_WP0013_20250411,synthetic_weekly_snapshot,Synthetic next-week product snapshot,scripts/generate_next_week_snapshot.py,2026-05-24T21:52:57+00:00,2025-04-11,408,medium,next_week_generator.v1
2025-04-11,WP0014,持有期增强QDII样例014,封闭精选,QDII,交行,R4,7天,7,2024-04-12T00:00:00,357,12.3249,-0.3233,-0.1787,1.056325,32.59,-5e-06,-0.024093,0.028978,0.143748,-0.001362,0.038358,-0.18052,0.169993,-0.117679,0.0419,0.0741,below_lower,ev_live_snapshot_WP0014_20250411,synthetic_weekly_snapshot,Synthetic next-week product snapshot,scripts/generate_next_week_snapshot.py,2026-05-24T21:52:57+00:00,2025-04-11,408,medium,next_week_generator.v1
2025-04-11,WP0015,封闭精选现金管理样例015,多元配置,现金管理,厦门银行,R1,14天,14,2023-01-13T00:00:00,812,32.8876,0.2123,0.2891,1.018393,8.11,0.0083,0.00073,-0.000928,0.003058,0.009966,0.000699,-0.002496,0.004775,-2.449973,0.0025,0.0335,in_range,ev_live_snapshot_WP0015_20250411,synthetic_weekly_snapshot,Synthetic next-week product snapshot,scripts/generate_next_week_snapshot.py,2026-05-24T21:52:57+00:00,2025-04-11,408,medium,next_week_generator.v1
2025-04-11,WP0016,稳健添利封闭式样例016,多元配置,封闭式,邮惠万家,R3,21天,21,2022-07-08T00:00:00,1001,9.7499,-0.0097,0.0322,1.064402,-1.75,0.055833,0.014953,0.021027,-0.006857,0.057655,0.006388,-0.050779,0.0651,0.550433,0.0268,0.0532,above_upper,ev_live_snapshot_WP0016_20250411,synthetic_weekly_snapshot,Synthetic next-week product snapshot,scripts/generate_next_week_snapshot.py,2026-05-24T21:52:57+00:00,2025-04-11,408,medium,next_week_generator.v1
2025-04-11,WP0017,悦享固收最短持有期型样例017,悦享固收,最短持有期型,个金,R3,30天,30,2023-03-10T00:00:00,756,6.1435,0.1136,0.0043,0.984673,-16.43,-0.012989,-0.008241,-0.023169,0.003842,-0.013177,-0.008789,-0.033319,0.026688,-1.236092,0.0195,0.0525,below_lower,ev_live_snapshot_WP0017_20250411,synthetic_weekly_snapshot,Synthetic next-week product snapshot,scripts/generate_next_week_snapshot.py,2026-05-24T21:52:57+00:00,2025-04-11,408,medium,next_week_generator.v1
2025-04-11,WP0018,多元配置日开型样例018,封闭精选,日开型,私银,R2,60天,60,2022-02-11T00:00:00,1148,4.7693,0.0757,-0.0021,1.025595,14.45,0.019706,0.000869,0.005263,0.011385,0.019612,0.002519,-0.004051,0.005947,-0.049429,0.0045,0.0395,in_range,ev_live_snapshot_WP0018_20250411,synthetic_weekly_snapshot,Synthetic next-week product snapshot,scripts/generate_next_week_snapshot.py,2026-05-24T21:52:57+00:00,2025-04-11,408,medium,next_week_generator.v1
2025-04-11,WP0019,封闭精选纯固收样例019,悦享固收,纯固收,对公,R2,90天,90,2024-03-22T00:00:00,378,32.058,-0.1133,0.2549,1.054428,14.78,0.038212,0.008661,0.012838,0.019391,0.039134,0.007688,-0.009931,0.015706,1.159606,0.0154,0.0466,in_range,ev_live_snapshot_WP0019_20250411,synthetic_weekly_snapshot,Synthetic next-week product snapshot,scripts/generate_next_week_snapshot.py,2026-05-24T21:52:57+00:00,2025-04-11,408,medium,next_week_generator.v1
2025-04-11,WP0020,现金优选固收增强样例020,全球配置,固收增强,直销,R2,120天,120,2023-03-03T00:00:00,763,18.7154,-0.2739,-0.3245,0.970605,10.91,-0.031419,-0.03516,-0.054712,-0.036854,-0.031936,-0.032054,-0.069703,0.054253,-0.947758,0.031,0.053,below_lower,ev_live_snapshot_WP0020_20250411,synthetic_weekly_snapshot,Synthetic next-week product snapshot,scripts/generate_next_week_snapshot.py,2026-05-24T21:52:57+00:00,2025-04-11,408,medium,next_week_generator.v1
2025-04-11,WP0021,封闭精选多资产样例021,稳健添利,多资产,百信,R3,180天,180,2022-08-12T00:00:00,966,12.0105,-0.0734,0.0464,1.005241,-13.36,-0.003242,-0.011351,-0.028208,-0.010314,-0.002702,-0.012595,-0.046469,0.073341,-0.31691,0.0454,0.0586,below_lower,ev_live_snapshot_WP0021_20250411,synthetic_weekly_snapshot,Synthetic next-week product snapshot,scripts/generate_next_week_snapshot.py,2026-05-24T21:52:57+00:00,2025-04-11,408,medium,next_week_generator.v1
2025-04-11,WP0022,封闭精选混合类样例022,稳健添利,混合类,交行,R3,270天,270,2023-11-17T00:00:00,504,1.61,-0.0437,-0.3159,1.010006,5.95,-0.012403,-0.003208,0.034638,0.071793,-0.015673,0.044457,-0.096412,0.093743,-0.345653,0.0424,0.0676,below_lower,ev_live_snapshot_WP0022_20250411,synthetic_weekly_snapshot,Synthetic next-week product snapshot,scripts/generate_next_week_snapshot.py,2026-05-24T21:52:57+00:00,2025-04-11,408,medium,next_week_generator.v1
2025-04-11,WP0023,多元配置QDII样例023,全球配置,QDII,厦门银行,R3,360天,360,2024-02-09T00:00:00,420,7.0636,-0.2249,-0.3372,0.791552,15.65,-0.163485,-0.007742,-0.078634,-0.09586,-0.162749,-0.025718,-0.18903,0.128053,-1.432878,0.0407,0.0753,below_lower,ev_live_snapshot_WP0023_20250411,synthetic_weekly_snapshot,Synthetic next-week product snapshot,scripts/generate_next_week_snapshot.py,2026-05-24T21:52:57+00:00,2025-04-11,408,medium,next_week_generator.v1
2025-04-11,WP0024,持有期增强现金管理样例024,多元配置,现金管理,邮惠万家,R1,1年封闭,365,2022-09-02T00:00:00,945,18.5731,0.2069,0.2131,1.018247,3.36,0.017884,0.001596,0.005214,0.009082,0.019894,5e-06,-0.002053,0.005293,-0.399696,0.006,0.03,in_range,ev_live_snapshot_WP0024_20250411,synthetic_weekly_snapshot,Synthetic next-week product snapshot,scripts/generate_next_week_snapshot.py,2026-05-24T21:52:57+00:00,2025-04-11,408,medium,next_week_generator.v1
2025-04-11,WP0025,全球配置封闭式样例025,现金优选,封闭式,个金,R2,日开,1,2022-11-18T00:00:00,868,11.4094,0.1065,0.0153,0.983236,1.71,-0.023612,0.029019,0.034674,-0.011544,-0.024049,0.019633,-0.052203,0.057038,-0.764609,0.0283,0.0517,below_lower,ev_live_snapshot_WP0025_20250411,synthetic_weekly_snapshot,Synthetic next-week product snapshot,scripts/generate_next_week_snapshot.py,2026-05-24T21:52:57+00:00,2025-04-11,408,medium,next_week_generator.v1
2025-04-11,WP0026,现金优选最短持有期型样例026,多元配置,最短持有期型,私银,R3,7天,7,2023-05-05T00:00:00,700,14.7409,-0.0088,-0.1704,1.045982,-9.03,0.048252,0.025068,0.040077,0.052809,0.048851,0.027064,-0.015315,0.031283,0.903109,0.0234,0.0486,in_range,ev_live_snapshot_WP0026_20250411,synthetic_weekly_snapshot,Synthetic next-week product snapshot,scripts/generate_next_week_snapshot.py,2026-05-24T21:52:57+00:00,2025-04-11,408,medium,next_week_generator.v1
2025-04-11,WP0027,多元配置日开型样例027,稳健添利,日开型,对公,R1,14天,14,2023-04-21T00:00:00,714,1.5715,-0.2243,-0.276,1.011194,-3.78,0.011723,-0.000216,-0.006984,0.004406,0.011106,0.002141,-0.006855,0.007189,-1.151302,0.0149,0.0291,below_lower,ev_live_snapshot_WP0027_20250411,synthetic_weekly_snapshot,Synthetic next-week product snapshot,scripts/generate_next_week_snapshot.py,2026-05-24T21:52:57+00:00,2025-04-11,408,medium,next_week_generator.v1
2025-04-11,WP0028,悦享固收纯固收样例028,封闭精选,纯固收,直销,R2,21天,21,2022-08-12T00:00:00,966,4.1254,0.1375,0.2518,1.056634,14.28,0.04427,0.004594,0.009348,0.040717,0.044971,0.011504,-0.010735,0.022149,1.095769,0.0171,0.0449,in_range,ev_live_snapshot_WP0028_20250411,synthetic_weekly_snapshot,Synthetic next-week product snapshot,scripts/generate_next_week_snapshot.py,2026-05-24T21:52:57+00:00,2025-04-11,408,medium,next_week_generator.v1
2025-04-11,WP0029,多元配置固收增强样例029,悦享固收,固收增强,百信,R3,30天,30,2023-05-19T00:00:00,686,7.2498,0.0052,0.6245,1.064959,-13.53,0.071945,0.011742,0.014901,0.073146,0.070254,0.019561,-0.024013,0.041834,1.241698,0.0334,0.0506,above_upper,ev_live_snapshot_WP0029_20250411,synthetic_weekly_snapshot,Synthetic next-week product snapshot,scripts/generate_next_week_snapshot.py,2026-05-24T21:52:57+00:00,2025-04-11,408,medium,next_week_generator.v1
2025-04-11,WP0030,持有期增强多资产样例030,持有期增强,多资产,交行,R3,60天,60,2024-03-01T00:00:00,399,12.3955,-0.0312,-0.016,1.040822,8.74,0.048631,0.004538,0.010238,-0.035629,0.047635,0.000974,-0.081768,0.090771,0.315417,0.0404,0.0636,in_range,ev_live_snapshot_WP0030_20250411,synthetic_weekly_snapshot,Synthetic next-week product snapshot,scripts/generate_next_week_snapshot.py,2026-05-24T21:52:57+00:00,2025-04-11,408,medium,next_week_generator.v1
2025-04-11,WP0031,多元配置混合类样例031,悦享固收,混合类,厦门银行,R3,90天,90,2022-01-14T00:00:00,1176,7.3064,0.0285,0.1195,0.848121,-6.82,-0.105393,0.011457,0.002598,-0.059883,-0.102168,0.008168,-0.122656,0.095429,-1.313995,0.0453,0.0647,below_lower,ev_live_snapshot_WP0031_20250411,synthetic_weekly_snapshot,Synthetic next-week product snapshot,scripts/generate_next_week_snapshot.py,2026-05-24T21:52:57+00:00,2025-04-11,408,medium,next_week_generator.v1
2025-04-11,WP0032,封闭精选QDII样例032,多元配置,QDII,邮惠万家,R4,120天,120,2023-10-20T00:00:00,532,13.0056,0.3082,0.6828,0.942036,-9.57,-0.125119,-0.050654,-0.067998,-0.126511,-0.123563,-0.03957,-0.170388,0.124415,-1.166416,0.0444,0.0716,below_lower,ev_live_snapshot_WP0032_20250411,synthetic_weekly_snapshot,Synthetic next-week product snapshot,scripts/generate_next_week_snapshot.py,2026-05-24T21:52:57+00:00,2025-04-11,408,medium,next_week_generator.v1
2025-04-11,WP0033,持有期增强现金管理样例033,封闭精选,现金管理,个金,R1,180天,180,2022-07-08T00:00:00,1001,21.6626,0.0306,0.0707,1.029231,-5.51,0.023105,0.002564,0.006271,0.012945,0.023556,0.004347,-0.001591,0.004388,0.70757,0.0061,0.0299,in_range,ev_live_snapshot_WP0033_20250411,synthetic_weekly_snapshot,Synthetic next-week product snapshot,scripts/generate_next_week_snapshot.py,2026-05-24T21:52:57+00:00,2025-04-11,408,medium,next_week_generator.v1
2025-04-11,WP0034,现金优选封闭式样例034,持有期增强,封闭式,私银,R2,270天,270,2022-03-04T00:00:00,1127,0.8199,-0.1849,0.0327,1.055576,5.6,0.078665,0.002158,0.006999,-0.00368,0.076012,0.000303,-0.023134,0.043636,1.344404,0.0254,0.0546,above_upper,ev_live_snapshot_WP0034_20250411,synthetic_weekly_snapshot,Synthetic next-week product snapshot,scripts/generate_next_week_snapshot.py,2026-05-24T21:52:57+00:00,2025-04-11,408,medium,next_week_generator.v1
2025-04-11,WP0035,现金优选最短持有期型样例035,全球配置,最短持有期型,对公,R3,360天,360,2022-12-30T00:00:00,826,5.0482,0.2803,0.5285,1.051341,-13.12,0.065791,0.00177,0.019889,0.036971,0.064618,-0.001774,-0.029354,0.038998,1.174173,0.0265,0.0455,above_upper,ev_live_snapshot_WP0035_20250411,synthetic_weekly_snapshot,Synthetic next-week product snapshot,scripts/generate_next_week_snapshot.py,2026-05-24T21:52:57+00:00,2025-04-11,408,medium,next_week_generator.v1
2025-04-11,WP0036,封闭精选日开型样例036,稳健添利,日开型,直销,R2,1年封闭,365,2022-04-22T00:00:00,1078,11.4174,0.4207,1.0187,1.017576,7.52,0.015375,0.002039,0.008424,0.011977,0.014612,0.003964,-0.001982,0.005349,-0.864644,0.0116,0.0324,in_range,ev_live_snapshot_WP0036_20250411,synthetic_weekly_snapshot,Synthetic next-week product snapshot,scripts/generate_next_week_snapshot.py,2026-05-24T21:52:57+00:00,2025-04-11,408,medium,next_week_generator.v1
2025-04-11,WP0037,多元配置纯固收样例037,全球配置,纯固收,百信,R2,日开,1,2023-04-07T00:00:00,728,7.8579,0.045,0.5262,1.032975,5.83,0.009249,0.002023,0.017143,0.004177,0.009697,0.00306,-0.024773,0.017517,-0.613748,0.0168,0.0452,below_lower,ev_live_snapshot_WP0037_20250411,synthetic_weekly_snapshot,Synthetic next-week product snapshot,scripts/generate_next_week_snapshot.py,2026-05-24T21:52:57+00:00,2025-04-11,408,medium,next_week_generator.v1
2025-04-11,WP0038,持有期增强固收增强样例038,封闭精选,固收增强,交行,R2,7天,7,2023-06-02T00:00:00,672,17.574,0.2075,0.5271,0.965779,11.71,-0.034981,0.000513,-0.041732,-0.061228,-0.032815,-0.009543,-0.080136,0.037876,-1.451616,0.0315,0.0525,below_lower,ev_live_snapshot_WP0038_20250411,synthetic_weekly_snapshot,Synthetic next-week product snapshot,scripts/generate_next_week_snapshot.py,2026-05-24T21:52:57+00:00,2025-04-11,408,medium,next_week_generator.v1
2025-04-11,WP0039,多元配置多资产样例039,全球配置,多资产,厦门银行,R3,14天,14,2023-03-17T00:00:00,749,6.7973,0.1021,-0.0024,1.04845,1.47,0.003356,0.042045,0.070603,0.054818,0.005135,0.020973,-0.081603,0.074855,-0.22235,0.0396,0.0644,below_lower,ev_live_snapshot_WP0039_20250411,synthetic_weekly_snapshot,Synthetic next-week product snapshot,scripts/generate_next_week_snapshot.py,2026-05-24T21:52:57+00:00,2025-04-11,408,medium,next_week_generator.v1
2025-04-11,WP0040,现金优选混合类样例040,封闭精选,混合类,邮惠万家,R4,21天,21,2024-03-29T00:00:00,371,14.255,-0.0911,0.2829,1.055175,-6.14,0.071925,0.031376,0.040477,0.152711,0.071077,0.028992,-0.103218,0.093708,0.554109,0.0416,0.0684,above_upper,ev_live_snapshot_WP0040_20250411,synthetic_weekly_snapshot,Synthetic next-week product snapshot,scripts/generate_next_week_snapshot.py,2026-05-24T21:52:57+00:00,2025-04-11,408,medium,next_week_generator.v1
2025-04-11,WP0041,封闭精选QDII样例041,现金优选,QDII,个金,R4,30天,30,2024-03-08T00:00:00,392,13.5395,-0.2364,-0.1174,0.912592,-5.51,-0.064844,-0.099146,-0.081737,-0.042806,-0.063487,-0.110002,-0.120464,0.199887,-0.424459,0.0477,0.0683,below_lower,ev_live_snapshot_WP0041_20250411,synthetic_weekly_snapshot,Synthetic next-week product snapshot,scripts/generate_next_week_snapshot.py,2026-05-24T21:52:57+00:00,2025-04-11,408,medium,next_week_generator.v1
2025-04-11,WP0042,持有期增强现金管理样例042,现金优选,现金管理,私银,R1,60天,60,2022-04-29T00:00:00,1071,29.9013,-0.1128,-0.0475,1.006418,-9.11,0.014428,0.001188,0.004602,0.005752,0.011605,0.003015,-0.001947,0.00344,-1.619683,0.0055,0.0305,in_range,ev_live_snapshot_WP0042_20250411,synthetic_weekly_snapshot,Synthetic next-week product snapshot,scripts/generate_next_week_snapshot.py,2026-05-24T21:52:57+00:00,2025-04-11,408,medium,next_week_generator.v1
2025-04-11,WP0043,稳健添利封闭式样例043,多元配置,封闭式,对公,R4,90天,90,2022-03-11T00:00:00,1120,4.1638,-0.0768,-0.2026,1.032114,-0.93,0.008066,-0.000214,-0.031215,-0.0006,0.012638,-0.020212,-0.055799,0.055862,-0.213628,0.023,0.057,below_lower,ev_live_snapshot_WP0043_20250411,synthetic_weekly_snapshot,Synthetic next-week product snapshot,scripts/generate_next_week_snapshot.py,2026-05-24T21:52:57+00:00,2025-04-11,408,medium,next_week_generator.v1
2025-04-11,WP0044,持有期增强最短持有期型样例044,稳健添利,最短持有期型,直销,R3,120天,120,2023-07-07T00:00:00,637,22.1379,0.4359,0.3089,1.024368,2.82,0.015352,-0.004006,0.017516,0.028108,0.014507,-8.2e-05,-0.027413,0.024419,-0.190337,0.0215,0.0505,below_lower,ev_live_snapshot_WP0044_20250411,synthetic_weekly_snapshot,Synthetic next-week product snapshot,scripts/generate_next_week_snapshot.py,2026-05-24T21:52:57+00:00,2025-04-11,408,medium,next_week_generator.v1
2025-04-11,WP0045,持有期增强日开型样例045,现金优选,日开型,百信,R2,180天,180,2022-07-22T00:00:00,987,20.0319,0.164,-0.2092,1.013488,-0.77,0.006928,-0.00175,-0.002518,0.007507,0.008301,-0.000976,-0.006529,0.008403,-1.555706,0.01,0.034,below_lower,ev_live_snapshot_WP0045_20250411,synthetic_weekly_snapshot,Synthetic next-week product snapshot,scripts/generate_next_week_snapshot.py,2026-05-24T21:52:57+00:00,2025-04-11,408,medium,next_week_generator.v1
2025-04-11,WP0046,全球配置纯固收样例046,悦享固收,纯固收,交行,R2,270天,270,2022-12-02T00:00:00,854,23.7014,-0.0558,-0.4293,1.0444,3.05,0.029964,0.001176,0.016186,0.016745,0.030133,3.7e-05,-0.012889,0.016875,0.590477,0.02,0.042,in_range,ev_live_snapshot_WP0046_20250411,synthetic_weekly_snapshot,Synthetic next-week product snapshot,scripts/generate_next_week_snapshot.py,2026-05-24T21:52:57+00:00,2025-04-11,408,medium,next_week_generator.v1
2025-04-11,WP0047,持有期增强固收增强样例047,多元配置,固收增强,厦门银行,R3,360天,360,2023-03-17T00:00:00,749,9.1834,-0.0748,0.3635,0.932459,-19.04,-0.064428,0.006034,-0.012889,-0.040399,-0.065917,-0.005282,-0.082789,0.04769,-1.770349,0.0337,0.0503,below_lower,ev_live_snapshot_WP0047_20250411,synthetic_weekly_snapshot,Synthetic next-week product snapshot,scripts/generate_next_week_snapshot.py,2026-05-24T21:52:57+00:00,2025-04-11,408,medium,next_week_generator.v1
2025-04-11,WP0048,全球配置多资产样例048,全球配置,多资产,邮惠万家,R4,1年封闭,365,2023-02-24T00:00:00,770,16.1736,0.3836,0.2279,1.037276,0.53,0.059987,-0.048156,0.006101,0.023664,0.057093,-0.005633,-0.05862,0.125694,0.31813,0.0343,0.0697,in_range,ev_live_snapshot_WP0048_20250411,synthetic_weekly_snapshot,Synthetic next-week product snapshot,scripts/generate_next_week_snapshot.py,2026-05-24T21:52:57+00:00,2025-04-11,408,medium,next_week_generator.v1
2025-04-11,WP0049,多元配置混合类样例049,悦享固收,混合类,个金,R3,日开,1,2023-04-14T00:00:00,721,14.7023,0.0736,-0.0677,0.950132,-4.81,-0.069186,-0.007587,-0.047637,-0.007287,-0.070966,-0.020286,-0.143932,0.11493,-0.776003,0.0382,0.0718,below_lower,ev_live_snapshot_WP0049_20250411,synthetic_weekly_snapshot,Synthetic next-week product snapshot,scripts/generate_next_week_snapshot.py,2026-05-24T21:52:57+00:00,2025-04-11,408,medium,next_week_generator.v1
2025-04-11,WP0050,现金优选QDII样例050,封闭精选,QDII,私银,R5,7天,7,2022-09-02T00:00:00,945,22.0039,-0.2784,-0.0942,0.930353,-3.19,-0.094255,-0.03995,-0.077964,-0.078539,-0.089606,-0.082067,-0.182747,0.133423,-0.856336,0.0408,0.0752,below_lower,ev_live_snapshot_WP0050_20250411,synthetic_weekly_snapshot,Synthetic next-week product snapshot,scripts/generate_next_week_snapshot.py,2026-05-24T21:52:57+00:00,2025-04-11,408,medium,next_week_generator.v1
2025-04-11,WP0051,多元配置现金管理样例051,多元配置,现金管理,对公,R1,14天,14,2023-01-27T00:00:00,798,24.2114,-0.1189,-0.3149,1.035679,6.13,0.029364,0.003019,0.004645,0.011659,0.028284,0.004363,-0.001734,0.004851,1.930472,0.0083,0.0277,above_upper,ev_live_snapshot_WP0051_20250411,synthetic_weekly_snapshot,Synthetic next-week product snapshot,scripts/generate_next_week_snapshot.py,2026-05-24T21:52:57+00:00,2025-04-11,408,medium,next_week_generator.v1
2025-04-11,WP0052,封闭精选封闭式样例052,全球配置,封闭式,直销,R4,21天,21,2024-04-05T00:00:00,364,6.5516,0.1994,0.2924,0.961402,0.36,-0.046749,-0.012561,0.028202,-0.047179,-0.046157,0.018237,-0.098273,0.063864,-1.045182,0.0332,0.0468,below_lower,ev_live_snapshot_WP0052_20250411,synthetic_weekly_snapshot,Synthetic next-week product snapshot,scripts/generate_next_week_snapshot.py,2026-05-24T21:52:57+00:00,2025-04-11,408,medium,next_week_generator.v1
2025-04-11,WP0053,多元配置最短持有期型样例053,持有期增强,最短持有期型,百信,R3,30天,30,2022-08-05T00:00:00,973,12.8296,0.0647,0.083,0.993068,15.39,-0.020389,0.006506,0.009091,-0.005725,-0.020711,0.013517,-0.045538,0.029807,-1.354998,0.0295,0.0425,below_lower,ev_live_snapshot_WP0053_20250411,synthetic_weekly_snapshot,Synthetic next-week product snapshot,scripts/generate_next_week_snapshot.py,2026-05-24T21:52:57+00:00,2025-04-11,408,medium,next_week_generator.v1
2025-04-11,WP0054,多元配置日开型样例054,现金优选,日开型,交行,R1,60天,60,2023-03-17T00:00:00,749,13.1571,-0.514,-0.6958,1.04485,-0.85,0.041552,0.003881,0.012213,0.017594,0.040687,0.006891,-0.002246,0.006613,3.259057,0.0044,0.0396,above_upper,ev_live_snapshot_WP0054_20250411,synthetic_weekly_snapshot,Synthetic next-week product snapshot,scripts/generate_next_week_snapshot.py,2026-05-24T21:52:57+00:00,2025-04-11,408,medium,next_week_generator.v1
2025-04-11,WP0055,稳健添利纯固收样例055,稳健添利,纯固收,厦门银行,R2,90天,90,2023-06-23T00:00:00,651,31.473,-0.0645,0.2568,1.021783,3.78,0.017228,-0.011389,-0.018282,-0.012937,0.018846,-0.01372,-0.023154,0.020737,-0.133669,0.0207,0.0413,below_lower,ev_live_snapshot_WP0055_20250411,synthetic_weekly_snapshot,Synthetic next-week product snapshot,scripts/generate_next_week_snapshot.py,2026-05-24T21:52:57+00:00,2025-04-11,408,medium,next_week_generator.v1
2025-04-11,WP0056,稳健添利固收增强样例056,现金优选,固收增强,邮惠万家,R2,120天,120,2022-07-08T00:00:00,1001,20.0211,-0.0473,-0.403,1.081132,5.14,0.063682,0.022484,0.02148,0.039652,0.063234,0.027512,-0.015911,0.034497,1.266268,0.0254,0.0586,above_upper,ev_live_snapshot_WP0056_20250411,synthetic_weekly_snapshot,Synthetic next-week product snapshot,scripts/generate_next_week_snapshot.py,2026-05-24T21:52:57+00:00,2025-04-11,408,medium,next_week_generator.v1
2025-04-11,WP0057,现金优选多资产样例057,稳健添利,多资产,个金,R4,180天,180,2022-09-30T00:00:00,917,12.7124,-0.6131,-0.8094,1.07279,2.65,0.057381,0.007303,0.010088,0.031279,0.057031,-0.003282,-0.047574,0.061813,0.604745,0.0414,0.0626,in_range,ev_live_snapshot_WP0057_20250411,synthetic_weekly_snapshot,Synthetic next-week product snapshot,scripts/generate_next_week_snapshot.py,2026-05-24T21:52:57+00:00,2025-04-11,408,medium,next_week_generator.v1
2025-04-11,WP0058,持有期增强混合类样例058,悦享固收,混合类,私银,R3,270天,270,2022-06-03T00:00:00,1036,20.1366,-0.0648,-0.1681,0.947654,12.64,-0.068131,0.011367,-0.044168,-0.087528,-0.067117,0.027058,-0.151394,0.091334,-0.964931,0.0428,0.0672,below_lower,ev_live_snapshot_WP0058_20250411,synthetic_weekly_snapshot,Synthetic next-week product snapshot,scripts/generate_next_week_snapshot.py,2026-05-24T21:52:57+00:00,2025-04-11,408,medium,next_week_generator.v1
2025-04-11,WP0059,悦享固收QDII样例059,稳健添利,QDII,对公,R3,360天,360,2022-06-24T00:00:00,1015,19.3952,-0.2873,0.0676,0.93451,1.74,-0.014085,0.07454,0.239995,0.108843,-0.014476,0.122279,-0.238861,0.171105,-0.199206,0.0456,0.0704,below_lower,ev_live_snapshot_WP0059_20250411,synthetic_weekly_snapshot,Synthetic next-week product snapshot,scripts/generate_next_week_snapshot.py,2026-05-24T21:52:57+00:00,2025-04-11,408,medium,next_week_generator.v1
2025-04-11,WP0060,全球配置现金管理样例060,全球配置,现金管理,直销,R1,1年封闭,365,2023-08-18T00:00:00,595,30.7013,-0.0693,-0.1439,1.023831,2.29,0.024061,0.002932,0.001935,0.011027,0.024352,0.005758,-0.000934,0.003384,1.200026,0.0063,0.0297,in_range,ev_live_snapshot_WP0060_20250411,synthetic_weekly_snapshot,Synthetic next-week product snapshot,scripts/generate_next_week_snapshot.py,2026-05-24T21:52:57+00:00,2025-04-11,408,medium,next_week_generator.v1
2025-04-11,WP0061,现金优选封闭式样例061,现金优选,封闭式,百信,R2,日开,1,2023-02-17T00:00:00,777,7.548,-0.2097,-0.1495,1.137627,-13.26,0.140191,0.01449,0.033831,0.049806,0.138422,0.02451,-0.021503,0.052566,2.286478,0.0232,0.0568,above_upper,ev_live_snapshot_WP0061_20250411,synthetic_weekly_snapshot,Synthetic next-week product snapshot,scripts/generate_next_week_snapshot.py,2026-05-24T21:52:57+00:00,2025-04-11,408,medium,next_week_generator.v1
2025-04-11,WP0062,全球配置最短持有期型样例062,稳健添利,最短持有期型,交行,R2,7天,7,2022-11-04T00:00:00,882,13.5928,0.1804,-0.2213,1.008592,4.64,0.007212,-0.004224,-0.00594,0.021078,0.0076,-0.011583,-0.022602,0.027355,-0.467498,0.0226,0.0494,below_lower,ev_live_snapshot_WP0062_20250411,synthetic_weekly_snapshot,Synthetic next-week product snapshot,scripts/generate_next_week_snapshot.py,2026-05-24T21:52:57+00:00,2025-04-11,408,medium,next_week_generator.v1
2025-04-11,WP0063,多元配置日开型样例063,现金优选,日开型,厦门银行,R1,14天,14,2023-09-08T00:00:00,574,11.3206,-0.039,0.0222,1.036764,8.02,0.026216,0.000964,-0.000531,0.011502,0.02593,0.004453,-0.004186,0.00798,0.779016,0.0109,0.0331,in_range,ev_live_snapshot_WP0063_20250411,synthetic_weekly_snapshot,Synthetic next-week product snapshot,scripts/generate_next_week_snapshot.py,2026-05-24T21:52:57+00:00,2025-04-11,408,medium,next_week_generator.v1
2025-04-11,WP0064,封闭精选纯固收样例064,稳健添利,纯固收,邮惠万家,R2,21天,21,2022-02-11T00:00:00,1148,13.585,-0.2067,-0.3112,1.006844,6.69,-0.005895,0.012719,0.001078,-0.019445,-0.002928,0.013323,-0.035682,0.025899,-0.999833,0.015,0.047,below_lower,ev_live_snapshot_WP0064_20250411,synthetic_weekly_snapshot,Synthetic next-week product snapshot,scripts/generate_next_week_snapshot.py,2026-05-24T21:52:57+00:00,2025-04-11,408,medium,next_week_generator.v1
2025-04-11,WP0065,稳健添利固收增强样例065,持有期增强,固收增强,个金,R3,30天,30,2022-05-06T00:00:00,1064,6.8959,0.3268,0.2034,1.045325,1.74,0.02467,0.01479,0.038404,0.00818,0.025765,0.01179,-0.043711,0.041474,0.112599,0.0268,0.0572,below_lower,ev_live_snapshot_WP0065_20250411,synthetic_weekly_snapshot,Synthetic next-week product snapshot,scripts/generate_next_week_snapshot.py,2026-05-24T21:52:57+00:00,2025-04-11,408,medium,next_week_generator.v1
2025-04-11,WP0066,悦享固收多资产样例066,悦享固收,多资产,私银,R3,60天,60,2023-08-25T00:00:00,588,16.8195,-0.0105,-0.1817,1.009641,-16.91,0.036421,0.01098,-0.018681,-0.008571,0.037444,-0.002498,-0.089805,0.081259,0.202082,0.0449,0.0591,below_lower,ev_live_snapshot_WP0066_20250411,synthetic_weekly_snapshot,Synthetic next-week product snapshot,scripts/generate_next_week_snapshot.py,2026-05-24T21:52:57+00:00,2025-04-11,408,medium,next_week_generator.v1
2025-04-11,WP0067,悦享固收混合类样例067,多元配置,混合类,对公,R4,90天,90,2022-03-11T00:00:00,1120,9.7512,-0.3411,-0.327,1.210016,22.33,0.150113,-0.034717,0.023041,0.037573,0.149888,0.003135,-0.061055,0.111155,1.170549,0.0393,0.0707,above_upper,ev_live_snapshot_WP0067_20250411,synthetic_weekly_snapshot,Synthetic next-week product snapshot,scripts/generate_next_week_snapshot.py,2026-05-24T21:52:57+00:00,2025-04-11,408,medium,next_week_generator.v1
2025-04-11,WP0068,悦享固收QDII样例068,持有期增强,QDII,直销,R5,120天,120,2023-08-25T00:00:00,588,2.4951,-0.0507,0.0041,0.923037,6.78,0.000363,0.032868,0.078611,0.014864,-0.001528,0.045509,-0.138984,0.153028,-0.128321,0.0493,0.0667,below_lower,ev_live_snapshot_WP0068_20250411,synthetic_weekly_snapshot,Synthetic next-week product snapshot,scripts/generate_next_week_snapshot.py,2026-05-24T21:52:57+00:00,2025-04-11,408,medium,next_week_generator.v1
2025-04-11,WP0069,现金优选现金管理样例069,稳健添利,现金管理,百信,R1,180天,180,2022-04-08T00:00:00,1092,21.2601,-0.0799,0.1284,1.014012,-0.54,0.015906,-0.000848,0.006587,0.00788,0.018036,0.000553,-0.004008,0.005973,-0.685491,0.001,0.035,in_range,ev_live_snapshot_WP0069_20250411,synthetic_weekly_snapshot,Synthetic next-week product snapshot,scripts/generate_next_week_snapshot.py,2026-05-24T21:52:57+00:00,2025-04-11,408,medium,next_week_generator.v1
2025-04-11,WP0070,悦享固收封闭式样例070,持有期增强,封闭式,交行,R2,270天,270,2023-02-24T00:00:00,770,7.0224,0.1128,0.3681,1.067083,13.06,0.045313,0.011929,0.022463,0.01741,0.044427,0.040165,-0.036304,0.048197,0.525197,0.0268,0.0532,in_range,ev_live_snapshot_WP0070_20250411,synthetic_weekly_snapshot,Synthetic next-week product snapshot,scripts/generate_next_week_snapshot.py,2026-05-24T21:52:57+00:00,2025-04-11,408,medium,next_week_generator.v1
2025-04-11,WP0071,封闭精选最短持有期型样例071,悦享固收,最短持有期型,厦门银行,R3,360天,360,2022-04-08T00:00:00,1092,12.4337,-0.2805,-0.5248,1.082901,14.88,0.075686,0.005695,0.035823,0.060988,0.075962,0.018613,-0.010968,0.02662,2.091912,0.0271,0.0449,above_upper,ev_live_snapshot_WP0071_20250411,synthetic_weekly_snapshot,Synthetic next-week product snapshot,scripts/generate_next_week_snapshot.py,2026-05-24T21:52:57+00:00,2025-04-11,408,medium,next_week_generator.v1
2025-04-11,WP0072,悦享固收日开型样例072,多元配置,日开型,邮惠万家,R1,1年封闭,365,2022-08-12T00:00:00,966,13.0291,0.1675,-0.0258,1.028692,-2.15,0.019267,0.003366,0.012885,0.011761,0.021247,0.005445,-0.005951,0.008022,-0.091311,0.0083,0.0357,in_range,ev_live_snapshot_WP0072_20250411,synthetic_weekly_snapshot,Synthetic next-week product snapshot,scripts/generate_next_week_snapshot.py,2026-05-24T21:52:57+00:00,2025-04-11,408,medium,next_week_generator.v1
2025-04-11,WP0073,悦享固收纯固收样例073,现金优选,纯固收,个金,R2,日开,1,2023-11-24T00:00:00,497,20.9895,0.3627,0.6738,1.03744,12.23,0.012314,-0.004633,-0.010031,-0.004368,0.016572,-0.007409,-0.018752,0.02148,-0.357805,0.0213,0.0407,below_lower,ev_live_snapshot_WP0073_20250411,synthetic_weekly_snapshot,Synthetic next-week product snapshot,scripts/generate_next_week_snapshot.py,2026-05-24T21:52:57+00:00,2025-04-11,408,medium,next_week_generator.v1
2025-04-11,WP0074,全球配置固收增强样例074,持有期增强,固收增强,私银,R2,7天,7,2022-04-15T00:00:00,1085,18.6228,-0.0474,-0.2148,0.996899,-5.38,0.000849,-0.00123,0.011699,0.024428,-0.003759,0.01006,-0.068655,0.038286,-0.500211,0.0288,0.0552,below_lower,ev_live_snapshot_WP0074_20250411,synthetic_weekly_snapshot,Synthetic next-week product snapshot,scripts/generate_next_week_snapshot.py,2026-05-24T21:52:57+00:00,2025-04-11,408,medium,next_week_generator.v1
2025-04-11,WP0075,封闭精选多资产样例075,多元配置,多资产,对公,R3,14天,14,2023-11-03T00:00:00,518,5.8793,0.2513,0.4325,1.134581,-2.61,0.163355,0.001614,0.004323,0.067891,0.166935,0.006426,-0.020956,0.060693,2.36197,0.0356,0.0684,above_upper,ev_live_snapshot_WP0075_20250411,synthetic_weekly_snapshot,Synthetic next-week product snapshot,scripts/generate_next_week_snapshot.py,2026-05-24T21:52:57+00:00,2025-04-11,408,medium,next_week_generator.v1
2025-04-11,WP0076,持有期增强混合类样例076,持有期增强,混合类,直销,R3,21天,21,2023-01-06T00:00:00,819,16.7544,-0.1424,0.2755,1.228731,-2.41,0.199992,0.021538,-0.007097,0.014996,0.200997,0.009788,-0.048173,0.119338,1.508258,0.0458,0.0642,above_upper,ev_live_snapshot_WP0076_20250411,synthetic_weekly_snapshot,Synthetic next-week product snapshot,scripts/generate_next_week_snapshot.py,2026-05-24T21:52:57+00:00,2025-04-11,408,medium,next_week_generator.v1
2025-04-11,WP0077,封闭精选QDII样例077,封闭精选,QDII,百信,R3,30天,30,2023-07-07T00:00:00,637,7.7952,-0.1665,-0.0776,1.17716,7.61,0.245755,0.008107,-0.046391,0.062952,0.249775,0.005229,-0.068444,0.174702,1.292226,0.0486,0.0674,above_upper,ev_live_snapshot_WP0077_20250411,synthetic_weekly_snapshot,Synthetic next-week product snapshot,scripts/generate_next_week_snapshot.py,2026-05-24T21:52:57+00:00,2025-04-11,408,medium,next_week_generator.v1
2025-04-11,WP0078,稳健添利现金管理样例078,悦享固收,现金管理,交行,R1,60天,60,2023-04-21T00:00:00,714,6.6291,0.2437,0.2688,1.034509,-1.53,0.027102,0.002095,0.00725,0.012582,0.027168,0.003065,-0.001001,0.003437,2.066133,0.0031,0.0329,in_range,ev_live_snapshot_WP0078_20250411,synthetic_weekly_snapshot,Synthetic next-week product snapshot,scripts/generate_next_week_snapshot.py,2026-05-24T21:52:57+00:00,2025-04-11,408,medium,next_week_generator.v1
2025-04-11,WP0079,悦享固收封闭式样例079,持有期增强,封闭式,厦门银行,R3,90天,90,2022-09-16T00:00:00,931,18.6491,-0.158,-0.1678,0.923225,9.34,-0.077188,-0.004581,-0.019932,-0.029323,-0.078377,-0.021948,-0.105996,0.064943,-1.496514,0.0231,0.0569,below_lower,ev_live_snapshot_WP0079_20250411,synthetic_weekly_snapshot,Synthetic next-week product snapshot,scripts/generate_next_week_snapshot.py,2026-05-24T21:52:57+00:00,2025-04-11,408,medium,next_week_generator.v1
2025-04-11,WP0080,全球配置最短持有期型样例080,现金优选,最短持有期型,邮惠万家,R3,120天,120,2022-12-30T00:00:00,826,13.9673,-0.1668,-0.1763,1.067612,16.53,0.066104,0.017821,0.030857,0.024674,0.065092,0.016926,-0.013656,0.024233,1.902522,0.0194,0.0526,above_upper,ev_live_snapshot_WP0080_20250411,synthetic_weekly_snapshot,Synthetic next-week product snapshot,scripts/generate_next_week_snapshot.py,2026-05-24T21:52:57+00:00,2025-04-11,408,medium,next_week_generator.v1
2025-04-11,WP0081,封闭精选日开型样例081,悦享固收,日开型,个金,R2,180天,180,2022-07-29T00:00:00,980,16.6128,0.0804,0.2059,1.023989,-4.59,0.030895,0.001437,0.001849,0.009843,0.027517,0.003241,-0.005663,0.006729,1.619145,0.0138,0.0302,above_upper,ev_live_snapshot_WP0081_20250411,synthetic_weekly_snapshot,Synthetic next-week product snapshot,scripts/generate_next_week_snapshot.py,2026-05-24T21:52:57+00:00,2025-04-11,408,medium,next_week_generator.v1
2025-04-11,WP0082,封闭精选纯固收样例082,悦享固收,纯固收,私银,R2,270天,270,2023-12-01T00:00:00,490,1.1413,-0.0379,-0.2206,0.988332,-13.62,-0.010019,0.003187,0.018716,0.018268,-0.006869,0.008789,-0.03202,0.017383,-1.72693,0.0234,0.0386,below_lower,ev_live_snapshot_WP0082_20250411,synthetic_weekly_snapshot,Synthetic next-week product snapshot,scripts/generate_next_week_snapshot.py,2026-05-24T21:52:57+00:00,2025-04-11,408,medium,next_week_generator.v1
2025-04-11,WP0083,现金优选固收增强样例083,封闭精选,固收增强,对公,R3,360天,360,2022-04-15T00:00:00,1085,18.5688,-0.0211,-0.1038,1.124475,8.81,0.090671,0.012088,0.036112,0.035222,0.093073,0.018758,-0.022427,0.038965,1.813691,0.0311,0.0529,above_upper,ev_live_snapshot_WP0083_20250411,synthetic_weekly_snapshot,Synthetic next-week product snapshot,scripts/generate_next_week_snapshot.py,2026-05-24T21:52:57+00:00,2025-04-11,408,medium,next_week_generator.v1
2025-04-11,WP0084,全球配置多资产样例084,全球配置,多资产,直销,R3,1年封闭,365,2023-06-23T00:00:00,651,15.4714,0.0051,-0.1205,1.032614,-1.94,0.043339,0.023192,0.036814,0.028532,0.041478,0.027002,-0.069482,0.059759,0.390557,0.0434,0.0606,below_lower,ev_live_snapshot_WP0084_20250411,synthetic_weekly_snapshot,Synthetic next-week product snapshot,scripts/generate_next_week_snapshot.py,2026-05-24T21:52:57+00:00,2025-04-11,408,medium,next_week_generator.v1
2025-04-11,WP0085,悦享固收混合类样例085,悦享固收,混合类,百信,R4,日开,1,2024-03-29T00:00:00,371,9.0971,0.1094,-0.1759,0.932425,-1.29,-0.058079,0.013579,0.033258,-0.030378,-0.060317,0.019865,-0.117355,0.069085,-1.130175,0.0464,0.0636,below_lower,ev_live_snapshot_WP0085_20250411,synthetic_weekly_snapshot,Synthetic next-week product snapshot,scripts/generate_next_week_snapshot.py,2026-05-24T21:52:57+00:00,2025-04-11,408,medium,next_week_generator.v1
2025-04-11,WP0086,多元配置QDII样例086,多元配置,QDII,交行,R3,7天,7,2023-08-18T00:00:00,595,9.4978,-0.313,-0.5091,1.013493,8.91,0.017478,-0.003962,0.030045,0.037913,0.02095,-0.019736,-0.107671,0.096281,-0.026193,0.0419,0.0741,below_lower,ev_live_snapshot_WP0086_20250411,synthetic_weekly_snapshot,Synthetic next-week product snapshot,scripts/generate_next_week_snapshot.py,2026-05-24T21:52:57+00:00,2025-04-11,408,medium,next_week_generator.v1
2025-04-11,WP0087,悦享固收现金管理样例087,悦享固收,现金管理,厦门银行,R1,14天,14,2022-07-29T00:00:00,980,23.2273,0.2232,0.4086,1.032492,5.14,0.022916,0.002159,0.008336,0.01107,0.024668,0.002588,-0.001561,0.00325,0.897139,0.0021,0.0339,in_range,ev_live_snapshot_WP0087_20250411,synthetic_weekly_snapshot,Synthetic next-week product snapshot,scripts/generate_next_week_snapshot.py,2026-05-24T21:52:57+00:00,2025-04-11,408,medium,next_week_generator.v1
2025-04-11,WP0088,封闭精选封闭式样例088,封闭精选,封闭式,邮惠万家,R4,21天,21,2022-01-28T00:00:00,1162,1.335,0.3265,0.5575,1.005915,17.09,0.001855,0.010275,0.001956,0.004886,0.001825,0.02014,-0.041428,0.05268,-0.344428,0.0269,0.0531,below_lower,ev_live_snapshot_WP0088_20250411,synthetic_weekly_snapshot,Synthetic next-week product snapshot,scripts/generate_next_week_snapshot.py,2026-05-24T21:52:57+00:00,2025-04-11,408,medium,next_week_generator.v1
2025-04-11,WP0089,封闭精选最短持有期型样例089,多元配置,最短持有期型,个金,R3,30天,30,2024-03-01T00:00:00,399,3.6349,0.1446,0.3317,1.078414,-5.45,0.086717,0.002939,0.031845,0.032085,0.090272,0.013652,-0.007995,0.02696,2.474644,0.0245,0.0475,above_upper,ev_live_snapshot_WP0089_20250411,synthetic_weekly_snapshot,Synthetic next-week product snapshot,scripts/generate_next_week_snapshot.py,2026-05-24T21:52:57+00:00,2025-04-11,408,medium,next_week_generator.v1
2025-04-11,WP0090,现金优选日开型样例090,全球配置,日开型,私银,R2,60天,60,2023-04-28T00:00:00,707,18.6822,0.0138,0.25,1.026751,-9.25,0.020121,-0.000156,0.003765,0.011619,0.02445,-0.000266,-0.004006,0.004799,0.025115,0.0072,0.0368,in_range,ev_live_snapshot_WP0090_20250411,synthetic_weekly_snapshot,Synthetic next-week product snapshot,scripts/generate_next_week_snapshot.py,2026-05-24T21:52:57+00:00,2025-04-11,408,medium,next_week_generator.v1
2025-04-11,WP0091,多元配置纯固收样例091,全球配置,纯固收,对公,R2,90天,90,2023-08-04T00:00:00,609,34.2604,0.333,0.4134,1.050522,14.15,0.038202,-0.002575,-0.015317,0.010164,0.037442,-0.002676,-0.012166,0.017217,1.057223,0.0214,0.0406,in_range,ev_live_snapshot_WP0091_20250411,synthetic_weekly_snapshot,Synthetic next-week product snapshot,scripts/generate_next_week_snapshot.py,2026-05-24T21:52:57+00:00,2025-04-11,408,medium,next_week_generator.v1
2025-04-11,WP0092,封闭精选固收增强样例092,封闭精选,固收增强,直销,R2,120天,120,2022-12-23T00:00:00,833,5.05,0.1082,0.5402,1.121262,1.97,0.124493,0.034281,0.026885,0.076597,0.124131,0.033323,-0.032343,0.05455,1.915549,0.0339,0.0501,above_upper,ev_live_snapshot_WP0092_20250411,synthetic_weekly_snapshot,Synthetic next-week product snapshot,scripts/generate_next_week_snapshot.py,2026-05-24T21:52:57+00:00,2025-04-11,408,medium,next_week_generator.v1
2025-04-11,WP0093,悦享固收多资产样例093,封闭精选,多资产,百信,R3,180天,180,2022-11-25T00:00:00,861,19.6466,0.0591,0.4448,1.045524,-15.53,0.015462,0.011488,0.020245,0.006563,0.015009,0.034137,-0.060554,0.08664,-0.052381,0.0352,0.0688,below_lower,ev_live_snapshot_WP0093_20250411,synthetic_weekly_snapshot,Synthetic next-week product snapshot,scripts/generate_next_week_snapshot.py,2026-05-24T21:52:57+00:00,2025-04-11,408,medium,next_week_generator.v1
2025-04-11,WP0094,悦享固收混合类样例094,悦享固收,混合类,交行,R4,270天,270,2024-02-02T00:00:00,427,7.776,0.4416,0.4544,0.905572,6.11,-0.081457,-0.03556,-0.025883,-0.040405,-0.081524,-0.040451,-0.126977,0.101072,-1.003808,0.047,0.063,below_lower,ev_live_snapshot_WP0094_20250411,synthetic_weekly_snapshot,Synthetic next-week product snapshot,scripts/generate_next_week_snapshot.py,2026-05-24T21:52:57+00:00,2025-04-11,408,medium,next_week_generator.v1
2025-04-11,WP0095,稳健添利QDII样例095,全球配置,QDII,厦门银行,R3,360天,360,2022-03-11T00:00:00,1120,10.7773,0.0954,0.2922,1.187536,-9.59,0.126341,0.040851,-0.043841,-0.023592,0.124439,0.019271,-0.114217,0.126225,0.842473,0.0519,0.0641,above_upper,ev_live_snapshot_WP0095_20250411,synthetic_weekly_snapshot,Synthetic next-week product snapshot,scripts/generate_next_week_snapshot.py,2026-05-24T21:52:57+00:00,2025-04-11,408,medium,next_week_generator.v1
2025-04-11,WP0096,悦享固收现金管理样例096,稳健添利,现金管理,邮惠万家,R1,1年封闭,365,2022-06-03T00:00:00,1036,9.6987,-0.0955,0.4801,1.016741,7.38,0.011611,0.00208,-0.001908,0.006771,0.01441,0.002574,-0.002295,0.00336,-2.497036,0.0028,0.0332,in_range,ev_live_snapshot_WP0096_20250411,synthetic_weekly_snapshot,Synthetic next-week product snapshot,scripts/generate_next_week_snapshot.py,2026-05-24T21:52:57+00:00,2025-04-11,408,medium,next_week_generator.v1
